<?xml version = '1.0' encoding = 'UTF-8'?>
<Diagram class="oracle.dbtools.crest.swingui.logical.DPVLogical" name="Logical" id="5E49A132-57DF-1E9A-5C42-C114559BA944">
<createdBy>ADMIN</createdBy>
<modifiedBy>ADMIN</modifiedBy>
<createdTime>2022-05-31 20:29:34 UTC</createdTime>
<autoRoute>false</autoRoute>
<boxInbox>true</boxInbox>
<showLegend>false</showLegend>
<showLabels>false</showLabels>
<showRelAttributes>false</showRelAttributes>
<gridEnabled>false</gridEnabled>
<showGrid>false</showGrid>
<diagramColor>-1</diagramColor>
<display>false</display>
<notation>2</notation>
<objectViews>
<OView class="oracle.dbtools.crest.swingui.logical.TVEntity" oid="03E874BA-A83A-DCD8-19A1-7E079C37C6F2" otype="Entity" vid="9DD6BB44-F632-A795-3A11-2B4694BEA68A">
<hideElementsInCurrentOnly>false</hideElementsInCurrentOnly>
<bounds x="496" y="802" width="266" height="185"/>
</OView>
<OView class="oracle.dbtools.crest.swingui.logical.TVEntity" oid="0EC4A0F7-D86D-BB1D-F04D-E59A1C9C5368" otype="Entity" vid="6E698EEB-BCA2-D1CE-CA39-2859DAD0017B">
<hideElementsInCurrentOnly>false</hideElementsInCurrentOnly>
<bounds x="191" y="1025" width="266" height="186"/>
</OView>
<OView class="oracle.dbtools.crest.swingui.logical.TVEntity" oid="218AC517-16EB-FCFA-03F1-7729EF28A3BE" otype="Entity" vid="545ED926-6F16-26FF-9766-912C26BA855D">
<hideElementsInCurrentOnly>false</hideElementsInCurrentOnly>
<bounds x="492" y="1482" width="268" height="186"/>
</OView>
<OView class="oracle.dbtools.crest.swingui.logical.TVEntity" oid="4EAA93DA-1353-1ED4-9409-8E394E497E99" otype="Entity" vid="F3C1320F-7B54-D090-05CB-FA178579B0AA">
<hideElementsInCurrentOnly>false</hideElementsInCurrentOnly>
<bounds x="886" y="1023" width="270" height="190"/>
</OView>
<OView class="oracle.dbtools.crest.swingui.logical.TVEntity" oid="59EAC144-3E1E-4FAD-CB0F-E2969427F803" otype="Entity" vid="444F5447-C88D-9320-FE5B-E89612FA0A7F">
<hideElementsInCurrentOnly>false</hideElementsInCurrentOnly>
<bounds x="495" y="1287" width="267" height="179"/>
</OView>
<OView class="oracle.dbtools.crest.swingui.logical.TVEntity" oid="81C0230F-5966-5615-24A5-40875795EFF1" otype="Entity" vid="85E41801-5439-B526-C73B-EFC3163073FC">
<hideElementsInCurrentOnly>false</hideElementsInCurrentOnly>
<bounds x="780" y="1289" width="272" height="177"/>
</OView>
<OView class="oracle.dbtools.crest.swingui.logical.TVEntity" oid="8232D438-6770-F03A-F0A2-A0A60E377038" otype="Entity" vid="87C38948-B0CB-DA83-9AD6-526CA80E5075">
<hideElementsInCurrentOnly>false</hideElementsInCurrentOnly>
<bounds x="809" y="594" width="264" height="184"/>
</OView>
<OView class="oracle.dbtools.crest.swingui.logical.TVEntity" oid="9FA3931A-26DE-F58C-2C7D-849435F54723" otype="Entity" vid="1F1500DD-80CE-3F7B-5699-E2BE4CEE82AE">
<hideElementsInCurrentOnly>false</hideElementsInCurrentOnly>
<bounds x="927" y="804" width="269" height="183"/>
</OView>
<OView class="oracle.dbtools.crest.swingui.logical.TVEntity" oid="F40C65EF-92C0-06F5-4DA6-600FAD075135" otype="Entity" vid="6CDA4B30-C9C6-2C0C-597E-4B7586B4990B">
<hideElementsInCurrentOnly>false</hideElementsInCurrentOnly>
<bounds x="497" y="1022" width="266" height="191"/>
</OView>
<OView class="oracle.dbtools.crest.swingui.logical.TVEntity" oid="F42D0745-E184-4369-1582-4F37C63E4490" otype="Entity" vid="755882C6-6DEA-722B-D174-ECFF3CB1BBA9">
<hideElementsInCurrentOnly>false</hideElementsInCurrentOnly>
<bounds x="494" y="1698" width="267" height="185"/>
</OView>
</objectViews>
<connectors>
<Connector class="oracle.dbtools.crest.swingui.logical.TVRelation" oid="0E1726A4-D712-7AAE-4F58-C6B51EE5F5E3" otype="Relation" vid_source="F3C1320F-7B54-D090-05CB-FA178579B0AA" vid_target="6CDA4B30-C9C6-2C0C-597E-4B7586B4990B">
<hideElementsInCurrentOnly>false</hideElementsInCurrentOnly>
<backgroundColor>-16777216</backgroundColor>
<lineWidth>1</lineWidth>
<points>
<point x="886" y="1118"/>
<point x="763" y="1118"/>
</points>
</Connector>
<Connector class="oracle.dbtools.crest.swingui.logical.TVRelation" oid="0F7D3D4D-C5A9-F3D2-ACEE-7A5E8FBECE9F" otype="Relation" vid_source="9DD6BB44-F632-A795-3A11-2B4694BEA68A" vid_target="87C38948-B0CB-DA83-9AD6-526CA80E5075">
<hideElementsInCurrentOnly>false</hideElementsInCurrentOnly>
<backgroundColor>-16777216</backgroundColor>
<lineWidth>1</lineWidth>
<points>
<point x="628" y="802"/>
<point x="628" y="674"/>
<point x="809" y="674"/>
</points>
</Connector>
<Connector class="oracle.dbtools.crest.swingui.logical.TVRelation" oid="1484DEB8-BD7D-E129-3F95-8A27437CA5E2" otype="Relation" vid_source="545ED926-6F16-26FF-9766-912C26BA855D" vid_target="755882C6-6DEA-722B-D174-ECFF3CB1BBA9">
<hideElementsInCurrentOnly>false</hideElementsInCurrentOnly>
<backgroundColor>-16777216</backgroundColor>
<lineWidth>1</lineWidth>
<points>
<point x="627" y="1668"/>
<point x="627" y="1698"/>
</points>
</Connector>
<Connector class="oracle.dbtools.crest.swingui.logical.TVRelation" oid="3C8C94FE-C400-A2A4-1E0F-ABE18B6B1568" otype="Relation" vid_source="F3C1320F-7B54-D090-05CB-FA178579B0AA" vid_target="1F1500DD-80CE-3F7B-5699-E2BE4CEE82AE">
<hideElementsInCurrentOnly>false</hideElementsInCurrentOnly>
<backgroundColor>-16777216</backgroundColor>
<lineWidth>1</lineWidth>
<points>
<point x="1018" y="1023"/>
<point x="1018" y="1009"/>
<point x="1018" y="987"/>
</points>
</Connector>
<Connector class="oracle.dbtools.crest.swingui.logical.TVRelation" oid="45EF5BA5-1DBC-5D71-592A-B9B82DDAB471" otype="Relation" vid_source="87C38948-B0CB-DA83-9AD6-526CA80E5075" vid_target="F3C1320F-7B54-D090-05CB-FA178579B0AA">
<hideElementsInCurrentOnly>false</hideElementsInCurrentOnly>
<backgroundColor>-16777216</backgroundColor>
<lineWidth>1</lineWidth>
<points>
<point x="901" y="778"/>
<point x="901" y="803"/>
<point x="901" y="1023"/>
</points>
</Connector>
<Connector class="oracle.dbtools.crest.swingui.logical.TVRelation" oid="512B9D09-EDDB-891E-4368-FD7876091975" otype="Relation" vid_source="F3C1320F-7B54-D090-05CB-FA178579B0AA" vid_target="545ED926-6F16-26FF-9766-912C26BA855D">
<hideElementsInCurrentOnly>false</hideElementsInCurrentOnly>
<backgroundColor>-16777216</backgroundColor>
<lineWidth>1</lineWidth>
<points>
<point x="1093" y="1213"/>
<point x="1093" y="1557"/>
<point x="760" y="1557"/>
</points>
</Connector>
<Connector class="oracle.dbtools.crest.swingui.logical.TVRelation" oid="54286EA7-C548-32A2-5479-D22BA99684FF" otype="Relation" vid_source="6E698EEB-BCA2-D1CE-CA39-2859DAD0017B" vid_target="545ED926-6F16-26FF-9766-912C26BA855D">
<hideElementsInCurrentOnly>false</hideElementsInCurrentOnly>
<backgroundColor>-16777216</backgroundColor>
<lineWidth>1</lineWidth>
<points>
<point x="317" y="1211"/>
<point x="317" y="1555"/>
<point x="492" y="1555"/>
</points>
</Connector>
<Connector class="oracle.dbtools.crest.swingui.logical.TVRelation" oid="78BE8E57-19E6-D6D7-6F9D-5BAE1CDDA755" otype="Relation" vid_source="6E698EEB-BCA2-D1CE-CA39-2859DAD0017B" vid_target="6CDA4B30-C9C6-2C0C-597E-4B7586B4990B">
<hideElementsInCurrentOnly>false</hideElementsInCurrentOnly>
<backgroundColor>-16777216</backgroundColor>
<lineWidth>1</lineWidth>
<points>
<point x="457" y="1118"/>
<point x="497" y="1118"/>
</points>
</Connector>
<Connector class="oracle.dbtools.crest.swingui.logical.TVRelation" oid="7F28170E-A3CB-ADBF-D1DB-AB618F1C3E5F" otype="Relation" vid_source="9DD6BB44-F632-A795-3A11-2B4694BEA68A" vid_target="6CDA4B30-C9C6-2C0C-597E-4B7586B4990B">
<hideElementsInCurrentOnly>false</hideElementsInCurrentOnly>
<backgroundColor>-16777216</backgroundColor>
<lineWidth>1</lineWidth>
<points>
<point x="629" y="987"/>
<point x="629" y="1022"/>
</points>
</Connector>
<Connector class="oracle.dbtools.crest.swingui.logical.TVRelation" oid="8DC48BA4-5926-8DA4-D705-B389325AB90C" otype="Relation" vid_source="6CDA4B30-C9C6-2C0C-597E-4B7586B4990B" vid_target="444F5447-C88D-9320-FE5B-E89612FA0A7F">
<hideElementsInCurrentOnly>false</hideElementsInCurrentOnly>
<backgroundColor>-16777216</backgroundColor>
<lineWidth>1</lineWidth>
<points>
<point x="629" y="1213"/>
<point x="629" y="1287"/>
</points>
</Connector>
<Connector class="oracle.dbtools.crest.swingui.logical.TVRelation" oid="DA78F3AC-AA34-007C-8CE0-73E7CC0F6017" otype="Relation" vid_source="F3C1320F-7B54-D090-05CB-FA178579B0AA" vid_target="85E41801-5439-B526-C73B-EFC3163073FC">
<hideElementsInCurrentOnly>false</hideElementsInCurrentOnly>
<backgroundColor>-16777216</backgroundColor>
<lineWidth>1</lineWidth>
<points>
<point x="969" y="1213"/>
<point x="969" y="1289"/>
</points>
</Connector>
</connectors>
</Diagram>