<?xml version = '1.0' encoding = 'UTF-8'?>
<Relation class="oracle.dbtools.crest.model.design.logical.Relation" name="faz_pedido" directorySegmentName="seg_0" id="0E1726A4-D712-7AAE-4F58-C6B51EE5F5E3">
<createdBy>ADMIN</createdBy>
<createdTime>2022-05-31 22:51:27 UTC</createdTime>
<ownerDesignName>Challenge_Ifood</ownerDesignName>
<engineerTo>
<item key="597F5BAC-6A46-D56E-AC60-67CAF8D5FEFA" value="true"/>
</engineerTo>
<sourcePk>CE890775-9E38-82A2-EBC6-D71924A6B546</sourcePk>
<identifying>true</identifying>
<optionalSource>false</optionalSource>
<optionalTarget>false</optionalTarget>
<sourceCardinality>1</sourceCardinality>
<sourceEntity>4EAA93DA-1353-1ED4-9409-8E394E497E99</sourceEntity>
<targetCardinalityString>*</targetCardinalityString>
<targetEntity>F40C65EF-92C0-06F5-4DA6-600FAD075135</targetEntity>
<transferable>true</transferable>
<deleteRule>NO ACTION</deleteRule>
</Relation>