<?xml version = '1.0' encoding = 'UTF-8'?>
<Relation class="oracle.dbtools.crest.model.design.logical.Relation" name="Relation_8" directorySegmentName="seg_0" id="0F7D3D4D-C5A9-F3D2-ACEE-7A5E8FBECE9F">
<createdBy>ADMIN</createdBy>
<createdTime>2022-05-31 22:58:41 UTC</createdTime>
<ownerDesignName>Challenge_Ifood</ownerDesignName>
<engineerTo>
<item key="597F5BAC-6A46-D56E-AC60-67CAF8D5FEFA" value="true"/>
</engineerTo>
<sourcePk>5BC9A30D-DBEA-E080-CAA3-D10DBBD9CADE</sourcePk>
<targetPk>0E66B63F-ADFC-F39E-5B32-30E8F3E8FB83</targetPk>
<identifying>false</identifying>
<optionalSource>false</optionalSource>
<optionalTarget>false</optionalTarget>
<sourceCardinality>1</sourceCardinality>
<sourceEntity>03E874BA-A83A-DCD8-19A1-7E079C37C6F2</sourceEntity>
<targetCardinalityString>1</targetCardinalityString>
<targetEntity>8232D438-6770-F03A-F0A2-A0A60E377038</targetEntity>
<transferable>true</transferable>
<deleteRule>NO ACTION</deleteRule>
</Relation>