<?xml version = '1.0' encoding = 'UTF-8'?>
<Relation class="oracle.dbtools.crest.model.design.logical.Relation" name="tipo_fone" directorySegmentName="seg_0" id="1484DEB8-BD7D-E129-3F95-8A27437CA5E2">
<createdBy>ADMIN</createdBy>
<createdTime>2022-05-31 23:41:26 UTC</createdTime>
<ownerDesignName>Challenge_Ifood</ownerDesignName>
<engineerTo>
<item key="597F5BAC-6A46-D56E-AC60-67CAF8D5FEFA" value="true"/>
</engineerTo>
<sourcePk>57D1F1E5-EC50-0F62-F92F-F06186FA303E</sourcePk>
<targetPk>D27A5DF0-56D0-2577-5457-8B0F09844C92</targetPk>
<identifying>false</identifying>
<optionalSource>false</optionalSource>
<optionalTarget>false</optionalTarget>
<sourceCardinality>1</sourceCardinality>
<sourceEntity>218AC517-16EB-FCFA-03F1-7729EF28A3BE</sourceEntity>
<targetCardinalityString>1</targetCardinalityString>
<targetEntity>F42D0745-E184-4369-1582-4F37C63E4490</targetEntity>
<transferable>true</transferable>
<deleteRule>NO ACTION</deleteRule>
</Relation>