<?xml version = '1.0' encoding = 'UTF-8'?>
<Relation class="oracle.dbtools.crest.model.design.logical.Relation" name="cliente_metodo_pagamento" directorySegmentName="seg_0" id="3C8C94FE-C400-A2A4-1E0F-ABE18B6B1568">
<createdBy>ADMIN</createdBy>
<createdTime>2022-05-31 23:11:18 UTC</createdTime>
<ownerDesignName>Challenge_Ifood</ownerDesignName>
<engineerTo>
<item key="597F5BAC-6A46-D56E-AC60-67CAF8D5FEFA" value="true"/>
</engineerTo>
<sourcePk>CE890775-9E38-82A2-EBC6-D71924A6B546</sourcePk>
<identifying>true</identifying>
<optionalSource>false</optionalSource>
<optionalTarget>false</optionalTarget>
<sourceCardinality>1</sourceCardinality>
<sourceEntity>4EAA93DA-1353-1ED4-9409-8E394E497E99</sourceEntity>
<targetCardinalityString>*</targetCardinalityString>
<targetEntity>9FA3931A-26DE-F58C-2C7D-849435F54723</targetEntity>
<transferable>true</transferable>
<deleteRule>NO ACTION</deleteRule>
</Relation>