<?xml version = '1.0' encoding = 'UTF-8'?>
<Relation class="oracle.dbtools.crest.model.design.logical.Relation" name="sexo_cliente" directorySegmentName="seg_0" id="45EF5BA5-1DBC-5D71-592A-B9B82DDAB471">
<createdBy>ADMIN</createdBy>
<createdTime>2022-05-31 23:26:01 UTC</createdTime>
<ownerDesignName>Challenge_Ifood</ownerDesignName>
<engineerTo>
<item key="597F5BAC-6A46-D56E-AC60-67CAF8D5FEFA" value="true"/>
</engineerTo>
<sourcePk>0E66B63F-ADFC-F39E-5B32-30E8F3E8FB83</sourcePk>
<targetPk>CE890775-9E38-82A2-EBC6-D71924A6B546</targetPk>
<identifying>false</identifying>
<optionalSource>false</optionalSource>
<optionalTarget>false</optionalTarget>
<sourceCardinality>1</sourceCardinality>
<sourceEntity>8232D438-6770-F03A-F0A2-A0A60E377038</sourceEntity>
<targetCardinalityString>1</targetCardinalityString>
<targetEntity>4EAA93DA-1353-1ED4-9409-8E394E497E99</targetEntity>
<transferable>true</transferable>
<deleteRule>NO ACTION</deleteRule>
</Relation>