<?xml version = '1.0' encoding = 'UTF-8'?>
<Relation class="oracle.dbtools.crest.model.design.logical.Relation" name="cliente_telefone" directorySegmentName="seg_0" id="512B9D09-EDDB-891E-4368-FD7876091975">
<createdBy>ADMIN</createdBy>
<createdTime>2022-05-31 23:00:39 UTC</createdTime>
<ownerDesignName>Challenge_Ifood</ownerDesignName>
<engineerTo>
<item key="597F5BAC-6A46-D56E-AC60-67CAF8D5FEFA" value="true"/>
</engineerTo>
<sourcePk>CE890775-9E38-82A2-EBC6-D71924A6B546</sourcePk>
<identifying>true</identifying>
<optionalSource>false</optionalSource>
<optionalTarget>false</optionalTarget>
<sourceCardinality>1</sourceCardinality>
<sourceEntity>4EAA93DA-1353-1ED4-9409-8E394E497E99</sourceEntity>
<targetCardinalityString>*</targetCardinalityString>
<targetEntity>218AC517-16EB-FCFA-03F1-7729EF28A3BE</targetEntity>
<transferable>true</transferable>
<deleteRule>NO ACTION</deleteRule>
</Relation>