<?xml version = '1.0' encoding = 'UTF-8'?>
<Relation class="oracle.dbtools.crest.model.design.logical.Relation" name="estabelecimento_telefone" directorySegmentName="seg_0" id="54286EA7-C548-32A2-5479-D22BA99684FF">
<createdBy>ADMIN</createdBy>
<createdTime>2022-05-31 22:58:05 UTC</createdTime>
<ownerDesignName>Challenge_Ifood</ownerDesignName>
<engineerTo>
<item key="597F5BAC-6A46-D56E-AC60-67CAF8D5FEFA" value="true"/>
</engineerTo>
<sourcePk>763F26CB-A6AA-B53B-800D-222F079580CD</sourcePk>
<identifying>false</identifying>
<optionalSource>false</optionalSource>
<optionalTarget>false</optionalTarget>
<sourceCardinality>1</sourceCardinality>
<sourceEntity>0EC4A0F7-D86D-BB1D-F04D-E59A1C9C5368</sourceEntity>
<targetCardinalityString>*</targetCardinalityString>
<targetEntity>218AC517-16EB-FCFA-03F1-7729EF28A3BE</targetEntity>
<transferable>true</transferable>
<deleteRule>NO ACTION</deleteRule>
</Relation>