<?xml version = '1.0' encoding = 'UTF-8'?>
<Relation class="oracle.dbtools.crest.model.design.logical.Relation" name="estab_faz_receb_pedido" directorySegmentName="seg_0" id="78BE8E57-19E6-D6D7-6F9D-5BAE1CDDA755">
<createdBy>ADMIN</createdBy>
<createdTime>2022-05-31 22:51:57 UTC</createdTime>
<ownerDesignName>Challenge_Ifood</ownerDesignName>
<engineerTo>
<item key="597F5BAC-6A46-D56E-AC60-67CAF8D5FEFA" value="true"/>
</engineerTo>
<sourcePk>763F26CB-A6AA-B53B-800D-222F079580CD</sourcePk>
<identifying>false</identifying>
<optionalSource>false</optionalSource>
<optionalTarget>false</optionalTarget>
<sourceCardinality>1</sourceCardinality>
<sourceEntity>0EC4A0F7-D86D-BB1D-F04D-E59A1C9C5368</sourceEntity>
<targetCardinalityString>*</targetCardinalityString>
<targetEntity>F40C65EF-92C0-06F5-4DA6-600FAD075135</targetEntity>
<transferable>true</transferable>
<deleteRule>NO ACTION</deleteRule>
</Relation>