<?xml version = '1.0' encoding = 'UTF-8'?>
<Relation class="oracle.dbtools.crest.model.design.logical.Relation" name="pedido_entregador" directorySegmentName="seg_0" id="7F28170E-A3CB-ADBF-D1DB-AB618F1C3E5F">
<createdBy>ADMIN</createdBy>
<createdTime>2022-05-31 22:52:47 UTC</createdTime>
<ownerDesignName>Challenge_Ifood</ownerDesignName>
<engineerTo>
<item key="597F5BAC-6A46-D56E-AC60-67CAF8D5FEFA" value="true"/>
</engineerTo>
<sourcePk>5BC9A30D-DBEA-E080-CAA3-D10DBBD9CADE</sourcePk>
<identifying>false</identifying>
<optionalSource>false</optionalSource>
<optionalTarget>false</optionalTarget>
<sourceCardinality>1</sourceCardinality>
<sourceEntity>03E874BA-A83A-DCD8-19A1-7E079C37C6F2</sourceEntity>
<targetCardinalityString>*</targetCardinalityString>
<targetEntity>F40C65EF-92C0-06F5-4DA6-600FAD075135</targetEntity>
<transferable>true</transferable>
<deleteRule>NO ACTION</deleteRule>
</Relation>