<?xml version = '1.0' encoding = 'UTF-8'?>
<Relation class="oracle.dbtools.crest.model.design.logical.Relation" name="Relation_5" directorySegmentName="seg_0" id="8DC48BA4-5926-8DA4-D705-B389325AB90C">
<createdBy>ADMIN</createdBy>
<createdTime>2022-05-31 22:55:45 UTC</createdTime>
<ownerDesignName>Challenge_Ifood</ownerDesignName>
<engineerTo>
<item key="597F5BAC-6A46-D56E-AC60-67CAF8D5FEFA" value="true"/>
</engineerTo>
<sourcePk>212AAA04-1A47-8D23-D790-93881629E625</sourcePk>
<targetPk>707ABBFA-4941-A979-5E04-8ADC887F88E3</targetPk>
<identifying>false</identifying>
<optionalSource>false</optionalSource>
<optionalTarget>false</optionalTarget>
<sourceCardinality>1</sourceCardinality>
<sourceEntity>F40C65EF-92C0-06F5-4DA6-600FAD075135</sourceEntity>
<targetCardinalityString>1</targetCardinalityString>
<targetEntity>59EAC144-3E1E-4FAD-CB0F-E2969427F803</targetEntity>
<transferable>true</transferable>
<deleteRule>NO ACTION</deleteRule>
</Relation>