<?xml version = '1.0' encoding = 'UTF-8'?>
<Relation class="oracle.dbtools.crest.model.design.logical.Relation" name="cliente_endereco" directorySegmentName="seg_0" id="DA78F3AC-AA34-007C-8CE0-73E7CC0F6017">
<createdBy>ADMIN</createdBy>
<createdTime>2022-05-31 23:40:29 UTC</createdTime>
<ownerDesignName>Challenge_Ifood</ownerDesignName>
<engineerTo>
<item key="597F5BAC-6A46-D56E-AC60-67CAF8D5FEFA" value="true"/>
</engineerTo>
<sourcePk>CE890775-9E38-82A2-EBC6-D71924A6B546</sourcePk>
<targetPk>68896BE0-7962-66C1-4C49-CC5A907BC51D</targetPk>
<identifying>false</identifying>
<optionalSource>false</optionalSource>
<optionalTarget>false</optionalTarget>
<sourceCardinality>1</sourceCardinality>
<sourceEntity>4EAA93DA-1353-1ED4-9409-8E394E497E99</sourceEntity>
<targetCardinalityString>1</targetCardinalityString>
<targetEntity>81C0230F-5966-5615-24A5-40875795EFF1</targetEntity>
<transferable>true</transferable>
<deleteRule>NO ACTION</deleteRule>
</Relation>