<?xml version = '1.0' encoding = 'UTF-8'?>
<Entity class="oracle.dbtools.crest.model.design.logical.Entity" directorySegmentName="seg_0" id="03E874BA-A83A-DCD8-19A1-7E079C37C6F2" name="T_ENTREGADOR">
<createdBy>ADMIN</createdBy>
<createdTime>2022-05-31 20:29:34 UTC</createdTime>
<ownerDesignName>Challenge_Ifood</ownerDesignName>
<engineerTo>
<item key="597F5BAC-6A46-D56E-AC60-67CAF8D5FEFA" value="true"/>
</engineerTo>
<adequatelyNormalized>NO</adequatelyNormalized>
<expectedVolumes>0</expectedVolumes>
<fwdEngineeringStrategyName>Single Table</fwdEngineeringStrategyName>
<growthPercent>0</growthPercent>
<growthType>Year</growthType>
<maxVolumes>9999999</maxVolumes>
<minVolumes>0</minVolumes>
<normalForm>Third</normalForm>
<attributes itemClass="oracle.dbtools.crest.model.design.logical.Attribute">
<Attribute name="cd_entregador" id="44E6061A-C252-152C-98AD-1FF8BEEBF294">
<createdBy>ADMIN</createdBy>
<createdTime>2022-05-31 20:32:49 UTC</createdTime>
<ownerDesignName>Challenge_Ifood</ownerDesignName>
<engineerTo>
<item key="597F5BAC-6A46-D56E-AC60-67CAF8D5FEFA" value="true"/>
</engineerTo>
<useDomainConstraints>false</useDomainConstraints>
<use>1</use>
<logicalDatatype>LOGDT019</logicalDatatype>
<ownDataTypeParameters>,,</ownDataTypeParameters>
</Attribute>
<Attribute name="ds_nome_entregador" id="E1467F61-C5CB-2C00-BEA5-B5CD1D36A422">
<createdBy>ADMIN</createdBy>
<createdTime>2022-05-31 20:36:40 UTC</createdTime>
<ownerDesignName>Challenge_Ifood</ownerDesignName>
<engineerTo>
<item key="597F5BAC-6A46-D56E-AC60-67CAF8D5FEFA" value="true"/>
</engineerTo>
<useDomainConstraints>false</useDomainConstraints>
<use>1</use>
<logicalDatatype>LOGDT024</logicalDatatype>
<dataTypeSize>50</dataTypeSize>
<ownDataTypeParameters>50,,</ownDataTypeParameters>
</Attribute>
<Attribute name="ds_sobrenome_entregador" id="B20A698F-E4BB-C825-0257-555E5CCCA109">
<createdBy>ADMIN</createdBy>
<createdTime>2022-05-31 20:41:36 UTC</createdTime>
<ownerDesignName>Challenge_Ifood</ownerDesignName>
<engineerTo>
<item key="597F5BAC-6A46-D56E-AC60-67CAF8D5FEFA" value="true"/>
</engineerTo>
<useDomainConstraints>false</useDomainConstraints>
<use>1</use>
<logicalDatatype>LOGDT024</logicalDatatype>
<dataTypeSize>50</dataTypeSize>
<ownDataTypeParameters>50,,</ownDataTypeParameters>
</Attribute>
<Attribute name="dt_nasc_entregador" id="B2457BE7-3871-2EA2-C4B3-A2379E35610C">
<createdBy>ADMIN</createdBy>
<createdTime>2022-05-31 20:42:17 UTC</createdTime>
<ownerDesignName>Challenge_Ifood</ownerDesignName>
<engineerTo>
<item key="597F5BAC-6A46-D56E-AC60-67CAF8D5FEFA" value="true"/>
</engineerTo>
<useDomainConstraints>false</useDomainConstraints>
<use>1</use>
<logicalDatatype>LOGDT007</logicalDatatype>
<ownDataTypeParameters>,,</ownDataTypeParameters>
</Attribute>
<Attribute name="nr_cpf_entregador" id="1DA006C4-C5BB-BF3A-DB35-2E9194229A9B">
<createdBy>ADMIN</createdBy>
<createdTime>2022-05-31 20:43:53 UTC</createdTime>
<ownerDesignName>Challenge_Ifood</ownerDesignName>
<engineerTo>
<item key="597F5BAC-6A46-D56E-AC60-67CAF8D5FEFA" value="true"/>
</engineerTo>
<useDomainConstraints>false</useDomainConstraints>
<use>1</use>
<logicalDatatype>LOGDT019</logicalDatatype>
<dataTypePrecision>11</dataTypePrecision>
<ownDataTypeParameters>,11,</ownDataTypeParameters>
</Attribute>
<Attribute name="nr_rg_entregador" id="74AF43F8-6AEB-371E-D413-61C6AC36412E">
<createdBy>ADMIN</createdBy>
<createdTime>2022-05-31 20:45:11 UTC</createdTime>
<ownerDesignName>Challenge_Ifood</ownerDesignName>
<engineerTo>
<item key="597F5BAC-6A46-D56E-AC60-67CAF8D5FEFA" value="true"/>
</engineerTo>
<useDomainConstraints>false</useDomainConstraints>
<use>1</use>
<logicalDatatype>LOGDT019</logicalDatatype>
<dataTypePrecision>9</dataTypePrecision>
<ownDataTypeParameters>,9,</ownDataTypeParameters>
</Attribute>
<Attribute name="nr_avaliacao" id="68AC5EFA-9AAF-A844-DCFC-5EBBFEA75033">
<createdBy>ADMIN</createdBy>
<createdTime>2022-05-31 21:41:29 UTC</createdTime>
<ownerDesignName>Challenge_Ifood</ownerDesignName>
<engineerTo>
<item key="597F5BAC-6A46-D56E-AC60-67CAF8D5FEFA" value="true"/>
</engineerTo>
<useDomainConstraints>false</useDomainConstraints>
<use>1</use>
<logicalDatatype>LOGDT019</logicalDatatype>
<dataTypePrecision>5</dataTypePrecision>
<ownDataTypeParameters>,5,</ownDataTypeParameters>
</Attribute>
<Attribute name="cd_sexo" id="39EBB6D9-2F21-831B-9E97-09765B75A990">
<createdBy>ADMIN</createdBy>
<createdTime>2022-06-01 00:33:21 UTC</createdTime>
<generatorID>0F7D3D4D-C5A9-F3D2-ACEE-7A5E8FBECE9F</generatorID>
<ownerDesignName>Challenge_Ifood</ownerDesignName>
<engineerTo>
<item key="597F5BAC-6A46-D56E-AC60-67CAF8D5FEFA" value="true"/>
</engineerTo>
<referedAttribute>9E4B1B53-7376-A060-B4DF-4A3617D49599</referedAttribute>
<useDomainConstraints>false</useDomainConstraints>
<use>1</use>
<logicalDatatype>LOGDT019</logicalDatatype>
<ownDataTypeParameters>,,</ownDataTypeParameters>
</Attribute>
</attributes>
<identifiers itemClass="oracle.dbtools.crest.model.design.logical.CandidateKey">
<identifier id="5BC9A30D-DBEA-E080-CAA3-D10DBBD9CADE" name="T_ENTREGADOR PK">
<createdBy>ADMIN</createdBy>
<createdTime>2022-05-31 20:33:04 UTC</createdTime>
<ownerDesignName>Challenge_Ifood</ownerDesignName>
<shouldEngineer>false</shouldEngineer>
<engineerTo>
<item key="597F5BAC-6A46-D56E-AC60-67CAF8D5FEFA" value="false"/>
</engineerTo>
<pk>true</pk>
<usedAttributes>
<attributeRef>44E6061A-C252-152C-98AD-1FF8BEEBF294</attributeRef>
</usedAttributes>
</identifier>
</identifiers>
</Entity>