<?xml version = '1.0' encoding = 'UTF-8'?>
<Entity class="oracle.dbtools.crest.model.design.logical.Entity" directorySegmentName="seg_0" id="218AC517-16EB-FCFA-03F1-7729EF28A3BE" name="T_TELEFONE">
<createdBy>ADMIN</createdBy>
<createdTime>2022-05-31 20:45:32 UTC</createdTime>
<ownerDesignName>Challenge_Ifood</ownerDesignName>
<engineerTo>
<item key="597F5BAC-6A46-D56E-AC60-67CAF8D5FEFA" value="true"/>
</engineerTo>
<adequatelyNormalized>NO</adequatelyNormalized>
<expectedVolumes>0</expectedVolumes>
<fwdEngineeringStrategyName>Single Table</fwdEngineeringStrategyName>
<growthPercent>0</growthPercent>
<growthType>Year</growthType>
<maxVolumes>9999999</maxVolumes>
<minVolumes>0</minVolumes>
<normalForm>Third</normalForm>
<attributes itemClass="oracle.dbtools.crest.model.design.logical.Attribute">
<Attribute name="nr_fone_completo" id="4D9B8154-41F7-2F9B-BD3B-3EAFB734E97D">
<createdBy>ADMIN</createdBy>
<createdTime>2022-05-31 20:45:42 UTC</createdTime>
<ownerDesignName>Challenge_Ifood</ownerDesignName>
<engineerTo>
<item key="597F5BAC-6A46-D56E-AC60-67CAF8D5FEFA" value="true"/>
</engineerTo>
<useDomainConstraints>false</useDomainConstraints>
<use>1</use>
<logicalDatatype>LOGDT019</logicalDatatype>
<dataTypePrecision>11</dataTypePrecision>
<ownDataTypeParameters>,11,</ownDataTypeParameters>
</Attribute>
<Attribute name="nr_cnpj" id="3827930E-D516-A2E3-DEA2-AEEAA3E139AA">
<createdBy>ADMIN</createdBy>
<createdTime>2022-05-31 22:58:05 UTC</createdTime>
<generatorID>54286EA7-C548-32A2-5479-D22BA99684FF</generatorID>
<ownerDesignName>Challenge_Ifood</ownerDesignName>
<engineerTo>
<item key="597F5BAC-6A46-D56E-AC60-67CAF8D5FEFA" value="true"/>
</engineerTo>
<referedAttribute>BCACAE9B-2979-4AE8-6AA9-586B8633F81D</referedAttribute>
<useDomainConstraints>false</useDomainConstraints>
<use>1</use>
<logicalDatatype>LOGDT019</logicalDatatype>
<ownDataTypeParameters>,,</ownDataTypeParameters>
</Attribute>
<Attribute name="cd_cliente" id="AB966657-DAF5-DE6F-6E4E-2F1B465FD92D">
<createdBy>ADMIN</createdBy>
<createdTime>2022-05-31 23:00:39 UTC</createdTime>
<generatorID>512B9D09-EDDB-891E-4368-FD7876091975</generatorID>
<ownerDesignName>Challenge_Ifood</ownerDesignName>
<engineerTo>
<item key="597F5BAC-6A46-D56E-AC60-67CAF8D5FEFA" value="true"/>
</engineerTo>
<referedAttribute>37417A0C-0BBE-B837-E5D1-896973A48A64</referedAttribute>
<useDomainConstraints>false</useDomainConstraints>
<use>1</use>
<logicalDatatype>LOGDT019</logicalDatatype>
<ownDataTypeParameters>,,</ownDataTypeParameters>
</Attribute>
<Attribute name="cd_tipo_fone" id="599EEFF2-E4DA-010E-560F-80AB299F19AD">
<createdBy>ADMIN</createdBy>
<createdTime>2022-05-31 23:41:31 UTC</createdTime>
<generatorID>1484DEB8-BD7D-E129-3F95-8A27437CA5E2</generatorID>
<ownerDesignName>Challenge_Ifood</ownerDesignName>
<engineerTo>
<item key="597F5BAC-6A46-D56E-AC60-67CAF8D5FEFA" value="true"/>
</engineerTo>
<referedAttribute>D6ACB55B-F63F-69CB-C067-4F9682A0B57F</referedAttribute>
<useDomainConstraints>false</useDomainConstraints>
<use>1</use>
<logicalDatatype>LOGDT019</logicalDatatype>
<ownDataTypeParameters>,,</ownDataTypeParameters>
</Attribute>
<Attribute name="nr_telefone" id="9A5ACA60-2BC0-CE45-784A-91D629C93361">
<createdBy>ADMIN</createdBy>
<createdTime>2022-05-31 20:45:57 UTC</createdTime>
<ownerDesignName>Challenge_Ifood</ownerDesignName>
<engineerTo>
<item key="597F5BAC-6A46-D56E-AC60-67CAF8D5FEFA" value="true"/>
</engineerTo>
<useDomainConstraints>false</useDomainConstraints>
<use>1</use>
<logicalDatatype>LOGDT019</logicalDatatype>
<dataTypePrecision>9</dataTypePrecision>
<ownDataTypeParameters>,9,</ownDataTypeParameters>
</Attribute>
<Attribute name="nr_ddd" id="CB04CD64-8535-63DF-E2CD-71C8AFCF6C8A">
<createdBy>ADMIN</createdBy>
<createdTime>2022-05-31 20:46:15 UTC</createdTime>
<ownerDesignName>Challenge_Ifood</ownerDesignName>
<engineerTo>
<item key="597F5BAC-6A46-D56E-AC60-67CAF8D5FEFA" value="true"/>
</engineerTo>
<useDomainConstraints>false</useDomainConstraints>
<use>1</use>
<logicalDatatype>LOGDT019</logicalDatatype>
<dataTypePrecision>2</dataTypePrecision>
<ownDataTypeParameters>,2,</ownDataTypeParameters>
</Attribute>
</attributes>
<identifiers itemClass="oracle.dbtools.crest.model.design.logical.CandidateKey">
<identifier id="57D1F1E5-EC50-0F62-F92F-F06186FA303E" name="T_TELEFONE PK">
<createdBy>ADMIN</createdBy>
<createdTime>2022-05-31 20:45:55 UTC</createdTime>
<ownerDesignName>Challenge_Ifood</ownerDesignName>
<engineerTo>
<item key="597F5BAC-6A46-D56E-AC60-67CAF8D5FEFA" value="true"/>
</engineerTo>
<pk>true</pk>
<usedAttributes>
<attributeRef>4D9B8154-41F7-2F9B-BD3B-3EAFB734E97D</attributeRef>
</usedAttributes>
</identifier>
</identifiers>
</Entity>