<?xml version = '1.0' encoding = 'UTF-8'?>
<Entity class="oracle.dbtools.crest.model.design.logical.Entity" directorySegmentName="seg_0" id="4EAA93DA-1353-1ED4-9409-8E394E497E99" name="T_CLIENTE">
<createdBy>ADMIN</createdBy>
<createdTime>2022-05-31 20:30:02 UTC</createdTime>
<ownerDesignName>Challenge_Ifood</ownerDesignName>
<engineerTo>
<item key="597F5BAC-6A46-D56E-AC60-67CAF8D5FEFA" value="true"/>
</engineerTo>
<adequatelyNormalized>NO</adequatelyNormalized>
<expectedVolumes>0</expectedVolumes>
<fwdEngineeringStrategyName>Single Table</fwdEngineeringStrategyName>
<growthPercent>0</growthPercent>
<growthType>Year</growthType>
<maxVolumes>9999999</maxVolumes>
<minVolumes>0</minVolumes>
<normalForm>Third</normalForm>
<attributes itemClass="oracle.dbtools.crest.model.design.logical.Attribute">
<Attribute name="cd_cliente" id="37417A0C-0BBE-B837-E5D1-896973A48A64">
<createdBy>ADMIN</createdBy>
<createdTime>2022-05-31 20:33:37 UTC</createdTime>
<ownerDesignName>Challenge_Ifood</ownerDesignName>
<engineerTo>
<item key="597F5BAC-6A46-D56E-AC60-67CAF8D5FEFA" value="true"/>
</engineerTo>
<useDomainConstraints>false</useDomainConstraints>
<use>1</use>
<logicalDatatype>LOGDT019</logicalDatatype>
<ownDataTypeParameters>,,</ownDataTypeParameters>
</Attribute>
<Attribute name="cd_endereco" id="1B65A9EC-4211-6489-4352-58346D205B37">
<createdBy>ADMIN</createdBy>
<createdTime>2022-05-31 23:40:37 UTC</createdTime>
<generatorID>DA78F3AC-AA34-007C-8CE0-73E7CC0F6017</generatorID>
<ownerDesignName>Challenge_Ifood</ownerDesignName>
<engineerTo>
<item key="597F5BAC-6A46-D56E-AC60-67CAF8D5FEFA" value="true"/>
</engineerTo>
<referedAttribute>DFB8F352-A77E-7207-2497-526A45B95D94</referedAttribute>
<useDomainConstraints>false</useDomainConstraints>
<use>1</use>
<logicalDatatype>LOGDT019</logicalDatatype>
<ownDataTypeParameters>,,</ownDataTypeParameters>
</Attribute>
<Attribute name="ds_nome_cliente" id="65E7AC9B-20D7-324E-88CB-554B6C816750">
<createdBy>ADMIN</createdBy>
<createdTime>2022-05-31 20:56:13 UTC</createdTime>
<ownerDesignName>Challenge_Ifood</ownerDesignName>
<engineerTo>
<item key="597F5BAC-6A46-D56E-AC60-67CAF8D5FEFA" value="true"/>
</engineerTo>
<useDomainConstraints>false</useDomainConstraints>
<use>1</use>
<logicalDatatype>LOGDT024</logicalDatatype>
<dataTypeSize>50</dataTypeSize>
<ownDataTypeParameters>50,,</ownDataTypeParameters>
</Attribute>
<Attribute name="ds_sobrenome_cliente" id="B5502622-F842-7792-A898-7A3B46090941">
<createdBy>ADMIN</createdBy>
<createdTime>2022-05-31 20:56:30 UTC</createdTime>
<ownerDesignName>Challenge_Ifood</ownerDesignName>
<engineerTo>
<item key="597F5BAC-6A46-D56E-AC60-67CAF8D5FEFA" value="true"/>
</engineerTo>
<useDomainConstraints>false</useDomainConstraints>
<use>1</use>
<logicalDatatype>LOGDT024</logicalDatatype>
<dataTypeSize>50</dataTypeSize>
<ownDataTypeParameters>50,,</ownDataTypeParameters>
</Attribute>
<Attribute name="dt_nasc_cliente" id="97C483ED-CFA7-286B-581E-D067605610BB">
<createdBy>ADMIN</createdBy>
<createdTime>2022-05-31 20:57:10 UTC</createdTime>
<ownerDesignName>Challenge_Ifood</ownerDesignName>
<engineerTo>
<item key="597F5BAC-6A46-D56E-AC60-67CAF8D5FEFA" value="true"/>
</engineerTo>
<useDomainConstraints>false</useDomainConstraints>
<use>1</use>
<logicalDatatype>LOGDT007</logicalDatatype>
<ownDataTypeParameters>,,</ownDataTypeParameters>
</Attribute>
<Attribute name="nr_cpf_cliente" id="90BC356C-F113-C174-E0AA-40D5B1CC277C">
<createdBy>ADMIN</createdBy>
<createdTime>2022-05-31 20:57:24 UTC</createdTime>
<ownerDesignName>Challenge_Ifood</ownerDesignName>
<engineerTo>
<item key="597F5BAC-6A46-D56E-AC60-67CAF8D5FEFA" value="true"/>
</engineerTo>
<useDomainConstraints>false</useDomainConstraints>
<use>1</use>
<logicalDatatype>LOGDT019</logicalDatatype>
<dataTypePrecision>11</dataTypePrecision>
<ownDataTypeParameters>,11,</ownDataTypeParameters>
</Attribute>
<Attribute name="nr_rg_cliente" id="74588BCD-6986-938F-10B7-301B1F1C2422">
<createdBy>ADMIN</createdBy>
<createdTime>2022-05-31 20:58:05 UTC</createdTime>
<ownerDesignName>Challenge_Ifood</ownerDesignName>
<engineerTo>
<item key="597F5BAC-6A46-D56E-AC60-67CAF8D5FEFA" value="true"/>
</engineerTo>
<useDomainConstraints>false</useDomainConstraints>
<use>1</use>
<logicalDatatype>LOGDT019</logicalDatatype>
<dataTypePrecision>9</dataTypePrecision>
<ownDataTypeParameters>,9,</ownDataTypeParameters>
</Attribute>
<Attribute name="cd_sexo" id="51339ECF-3CB7-6CEA-2F5C-DF85F479F152">
<createdBy>ADMIN</createdBy>
<createdTime>2022-06-01 00:33:21 UTC</createdTime>
<generatorID>45EF5BA5-1DBC-5D71-592A-B9B82DDAB471</generatorID>
<ownerDesignName>Challenge_Ifood</ownerDesignName>
<engineerTo>
<item key="597F5BAC-6A46-D56E-AC60-67CAF8D5FEFA" value="true"/>
</engineerTo>
<referedAttribute>9E4B1B53-7376-A060-B4DF-4A3617D49599</referedAttribute>
<useDomainConstraints>false</useDomainConstraints>
<use>1</use>
<logicalDatatype>LOGDT019</logicalDatatype>
<ownDataTypeParameters>,,</ownDataTypeParameters>
</Attribute>
</attributes>
<identifiers itemClass="oracle.dbtools.crest.model.design.logical.CandidateKey">
<identifier id="CE890775-9E38-82A2-EBC6-D71924A6B546" name="T_CLIENTE PK">
<createdBy>ADMIN</createdBy>
<createdTime>2022-05-31 20:33:44 UTC</createdTime>
<ownerDesignName>Challenge_Ifood</ownerDesignName>
<shouldEngineer>false</shouldEngineer>
<engineerTo>
<item key="597F5BAC-6A46-D56E-AC60-67CAF8D5FEFA" value="false"/>
</engineerTo>
<pk>true</pk>
<usedAttributes>
<attributeRef>37417A0C-0BBE-B837-E5D1-896973A48A64</attributeRef>
</usedAttributes>
</identifier>
</identifiers>
</Entity>