<?xml version = '1.0' encoding = 'UTF-8'?>
<Entity class="oracle.dbtools.crest.model.design.logical.Entity" directorySegmentName="seg_0" id="59EAC144-3E1E-4FAD-CB0F-E2969427F803" name="T_STATUS_PEDIDO">
<createdBy>ADMIN</createdBy>
<createdTime>2022-05-31 22:27:52 UTC</createdTime>
<ownerDesignName>Challenge_Ifood</ownerDesignName>
<engineerTo>
<item key="597F5BAC-6A46-D56E-AC60-67CAF8D5FEFA" value="true"/>
</engineerTo>
<adequatelyNormalized>NO</adequatelyNormalized>
<expectedVolumes>0</expectedVolumes>
<fwdEngineeringStrategyName>Single Table</fwdEngineeringStrategyName>
<growthPercent>0</growthPercent>
<growthType>Year</growthType>
<maxVolumes>9999999</maxVolumes>
<minVolumes>0</minVolumes>
<normalForm>Third</normalForm>
<attributes itemClass="oracle.dbtools.crest.model.design.logical.Attribute">
<Attribute name="cd_status" id="84B0C0D4-0AAC-7972-7A5F-8AA2972FC84D">
<createdBy>ADMIN</createdBy>
<createdTime>2022-05-31 22:32:49 UTC</createdTime>
<ownerDesignName>Challenge_Ifood</ownerDesignName>
<engineerTo>
<item key="597F5BAC-6A46-D56E-AC60-67CAF8D5FEFA" value="true"/>
</engineerTo>
<useDomainConstraints>false</useDomainConstraints>
<use>1</use>
<logicalDatatype>LOGDT019</logicalDatatype>
<ownDataTypeParameters>,,</ownDataTypeParameters>
</Attribute>
<Attribute name="cd_pedido" id="5BE1AABC-DC75-88A1-C376-F6B82CC610A6">
<createdBy>ADMIN</createdBy>
<createdTime>2022-05-31 22:55:45 UTC</createdTime>
<generatorID>8DC48BA4-5926-8DA4-D705-B389325AB90C</generatorID>
<ownerDesignName>Challenge_Ifood</ownerDesignName>
<engineerTo>
<item key="597F5BAC-6A46-D56E-AC60-67CAF8D5FEFA" value="true"/>
</engineerTo>
<referedAttribute>39D7579B-DCD1-CC7A-93FE-E45B86913CD1</referedAttribute>
<useDomainConstraints>false</useDomainConstraints>
<use>1</use>
<logicalDatatype>LOGDT019</logicalDatatype>
<ownDataTypeParameters>,,</ownDataTypeParameters>
</Attribute>
<Attribute name="ds_status" id="0461A1E0-9B81-9DE7-DD94-3FF3E92D7AD2">
<createdBy>ADMIN</createdBy>
<createdTime>2022-05-31 22:33:04 UTC</createdTime>
<ownerDesignName>Challenge_Ifood</ownerDesignName>
<engineerTo>
<item key="597F5BAC-6A46-D56E-AC60-67CAF8D5FEFA" value="true"/>
</engineerTo>
<useDomainConstraints>false</useDomainConstraints>
<use>1</use>
<logicalDatatype>LOGDT024</logicalDatatype>
<ownDataTypeParameters>,,</ownDataTypeParameters>
</Attribute>
</attributes>
<identifiers itemClass="oracle.dbtools.crest.model.design.logical.CandidateKey">
<identifier id="707ABBFA-4941-A979-5E04-8ADC887F88E3" name="T_STATUS_PEDIDO PK">
<createdBy>ADMIN</createdBy>
<createdTime>2022-05-31 22:33:02 UTC</createdTime>
<ownerDesignName>Challenge_Ifood</ownerDesignName>
<shouldEngineer>false</shouldEngineer>
<engineerTo>
<item key="597F5BAC-6A46-D56E-AC60-67CAF8D5FEFA" value="false"/>
</engineerTo>
<pk>true</pk>
<usedAttributes>
<attributeRef>84B0C0D4-0AAC-7972-7A5F-8AA2972FC84D</attributeRef>
</usedAttributes>
</identifier>
</identifiers>
</Entity>