<?xml version = '1.0' encoding = 'UTF-8'?>
<Entity class="oracle.dbtools.crest.model.design.logical.Entity" directorySegmentName="seg_0" id="81C0230F-5966-5615-24A5-40875795EFF1" name="T_CLI_ENDERECO">
<createdBy>ADMIN</createdBy>
<createdTime>2022-05-31 23:28:59 UTC</createdTime>
<ownerDesignName>Challenge_Ifood</ownerDesignName>
<engineerTo>
<item key="597F5BAC-6A46-D56E-AC60-67CAF8D5FEFA" value="true"/>
</engineerTo>
<adequatelyNormalized>NO</adequatelyNormalized>
<expectedVolumes>0</expectedVolumes>
<fwdEngineeringStrategyName>Single Table</fwdEngineeringStrategyName>
<growthPercent>0</growthPercent>
<growthType>Year</growthType>
<maxVolumes>9999999</maxVolumes>
<minVolumes>0</minVolumes>
<normalForm>Third</normalForm>
<attributes itemClass="oracle.dbtools.crest.model.design.logical.Attribute">
<Attribute name="cd_endereco" id="DFB8F352-A77E-7207-2497-526A45B95D94">
<createdBy>ADMIN</createdBy>
<createdTime>2022-05-31 23:38:16 UTC</createdTime>
<ownerDesignName>Challenge_Ifood</ownerDesignName>
<engineerTo>
<item key="597F5BAC-6A46-D56E-AC60-67CAF8D5FEFA" value="true"/>
</engineerTo>
<useDomainConstraints>false</useDomainConstraints>
<use>1</use>
<logicalDatatype>LOGDT019</logicalDatatype>
<ownDataTypeParameters>,,</ownDataTypeParameters>
</Attribute>
<Attribute name="cd_cliente" id="71F40CD2-4F20-FAEF-D81D-C32ECEAAD38C">
<createdBy>ADMIN</createdBy>
<createdTime>2022-05-31 23:40:29 UTC</createdTime>
<generatorID>DA78F3AC-AA34-007C-8CE0-73E7CC0F6017</generatorID>
<ownerDesignName>Challenge_Ifood</ownerDesignName>
<engineerTo>
<item key="597F5BAC-6A46-D56E-AC60-67CAF8D5FEFA" value="true"/>
</engineerTo>
<referedAttribute>37417A0C-0BBE-B837-E5D1-896973A48A64</referedAttribute>
<useDomainConstraints>false</useDomainConstraints>
<use>1</use>
<logicalDatatype>LOGDT019</logicalDatatype>
<ownDataTypeParameters>,,</ownDataTypeParameters>
</Attribute>
<Attribute name="ds_endereco" id="9D1B7C51-CEF9-1827-3050-82359C9B4912">
<createdBy>ADMIN</createdBy>
<createdTime>2022-05-31 23:30:47 UTC</createdTime>
<ownerDesignName>Challenge_Ifood</ownerDesignName>
<engineerTo>
<item key="597F5BAC-6A46-D56E-AC60-67CAF8D5FEFA" value="true"/>
</engineerTo>
<useDomainConstraints>false</useDomainConstraints>
<use>1</use>
<logicalDatatype>LOGDT024</logicalDatatype>
<ownDataTypeParameters>,,</ownDataTypeParameters>
</Attribute>
<Attribute name="ds_complemento" id="52639DEF-0547-037A-8620-EEADBEE79441">
<createdBy>ADMIN</createdBy>
<createdTime>2022-05-31 23:31:01 UTC</createdTime>
<ownerDesignName>Challenge_Ifood</ownerDesignName>
<engineerTo>
<item key="597F5BAC-6A46-D56E-AC60-67CAF8D5FEFA" value="true"/>
</engineerTo>
<useDomainConstraints>false</useDomainConstraints>
<use>1</use>
<logicalDatatype>LOGDT024</logicalDatatype>
<ownDataTypeParameters>,,</ownDataTypeParameters>
</Attribute>
<Attribute name="nr_cep" id="2C3C9F2D-04A2-D683-F148-B30CAABA24CD">
<createdBy>ADMIN</createdBy>
<createdTime>2022-05-31 23:38:35 UTC</createdTime>
<ownerDesignName>Challenge_Ifood</ownerDesignName>
<engineerTo>
<item key="597F5BAC-6A46-D56E-AC60-67CAF8D5FEFA" value="true"/>
</engineerTo>
<useDomainConstraints>false</useDomainConstraints>
<use>1</use>
<logicalDatatype>LOGDT019</logicalDatatype>
<ownDataTypeParameters>,,</ownDataTypeParameters>
</Attribute>
<Attribute name="nr_endereco" id="ED6CE31A-83C3-AA77-B52D-C4835A4289AA">
<createdBy>ADMIN</createdBy>
<createdTime>2022-05-31 23:38:44 UTC</createdTime>
<ownerDesignName>Challenge_Ifood</ownerDesignName>
<engineerTo>
<item key="597F5BAC-6A46-D56E-AC60-67CAF8D5FEFA" value="true"/>
</engineerTo>
<useDomainConstraints>false</useDomainConstraints>
<use>1</use>
<logicalDatatype>LOGDT019</logicalDatatype>
<ownDataTypeParameters>,,</ownDataTypeParameters>
</Attribute>
<Attribute name="nm_cidade" id="45C2B445-8618-E66D-7C02-9C9B1300CD46">
<createdBy>ADMIN</createdBy>
<createdTime>2022-05-31 23:39:01 UTC</createdTime>
<ownerDesignName>Challenge_Ifood</ownerDesignName>
<engineerTo>
<item key="597F5BAC-6A46-D56E-AC60-67CAF8D5FEFA" value="true"/>
</engineerTo>
<useDomainConstraints>false</useDomainConstraints>
<use>1</use>
<logicalDatatype>LOGDT024</logicalDatatype>
<ownDataTypeParameters>,,</ownDataTypeParameters>
</Attribute>
<Attribute name="nm_estado" id="894B10DC-3848-6B3C-B747-A535BAB95AA0">
<createdBy>ADMIN</createdBy>
<createdTime>2022-05-31 23:39:08 UTC</createdTime>
<ownerDesignName>Challenge_Ifood</ownerDesignName>
<engineerTo>
<item key="597F5BAC-6A46-D56E-AC60-67CAF8D5FEFA" value="true"/>
</engineerTo>
<useDomainConstraints>false</useDomainConstraints>
<use>1</use>
<logicalDatatype>LOGDT024</logicalDatatype>
<ownDataTypeParameters>,,</ownDataTypeParameters>
</Attribute>
<Attribute name="nm_bairro" id="C50C980A-24C1-8BCC-C6ED-51522083A667">
<createdBy>ADMIN</createdBy>
<createdTime>2022-05-31 23:39:46 UTC</createdTime>
<ownerDesignName>Challenge_Ifood</ownerDesignName>
<engineerTo>
<item key="597F5BAC-6A46-D56E-AC60-67CAF8D5FEFA" value="true"/>
</engineerTo>
<useDomainConstraints>false</useDomainConstraints>
<use>1</use>
<logicalDatatype>LOGDT024</logicalDatatype>
<ownDataTypeParameters>,,</ownDataTypeParameters>
</Attribute>
</attributes>
<identifiers itemClass="oracle.dbtools.crest.model.design.logical.CandidateKey">
<identifier id="68896BE0-7962-66C1-4C49-CC5A907BC51D" name="T_CLIENTE_ENDERECO PK">
<createdBy>ADMIN</createdBy>
<createdTime>2022-05-31 23:38:25 UTC</createdTime>
<ownerDesignName>Challenge_Ifood</ownerDesignName>
<shouldEngineer>false</shouldEngineer>
<engineerTo>
<item key="597F5BAC-6A46-D56E-AC60-67CAF8D5FEFA" value="false"/>
</engineerTo>
<pk>true</pk>
<usedAttributes>
<attributeRef>DFB8F352-A77E-7207-2497-526A45B95D94</attributeRef>
</usedAttributes>
</identifier>
</identifiers>
</Entity>