<?xml version = '1.0' encoding = 'UTF-8'?>
<Entity class="oracle.dbtools.crest.model.design.logical.Entity" directorySegmentName="seg_0" id="F40C65EF-92C0-06F5-4DA6-600FAD075135" name="T_PEDIDO">
<createdBy>ADMIN</createdBy>
<createdTime>2022-05-31 21:05:50 UTC</createdTime>
<ownerDesignName>Challenge_Ifood</ownerDesignName>
<engineerTo>
<item key="597F5BAC-6A46-D56E-AC60-67CAF8D5FEFA" value="true"/>
</engineerTo>
<adequatelyNormalized>NO</adequatelyNormalized>
<expectedVolumes>0</expectedVolumes>
<fwdEngineeringStrategyName>Single Table</fwdEngineeringStrategyName>
<growthPercent>0</growthPercent>
<growthType>Year</growthType>
<maxVolumes>9999999</maxVolumes>
<minVolumes>0</minVolumes>
<normalForm>Third</normalForm>
<attributes itemClass="oracle.dbtools.crest.model.design.logical.Attribute">
<Attribute name="cd_pedido" id="39D7579B-DCD1-CC7A-93FE-E45B86913CD1">
<createdBy>ADMIN</createdBy>
<createdTime>2022-05-31 21:05:58 UTC</createdTime>
<ownerDesignName>Challenge_Ifood</ownerDesignName>
<engineerTo>
<item key="597F5BAC-6A46-D56E-AC60-67CAF8D5FEFA" value="true"/>
</engineerTo>
<useDomainConstraints>false</useDomainConstraints>
<use>1</use>
<logicalDatatype>LOGDT019</logicalDatatype>
<ownDataTypeParameters>,,</ownDataTypeParameters>
</Attribute>
<Attribute name="cd_cliente" id="F8B00E7C-EE95-FD5B-64B9-FDEA57E918DE">
<createdBy>ADMIN</createdBy>
<createdTime>2022-05-31 22:51:27 UTC</createdTime>
<generatorID>0E1726A4-D712-7AAE-4F58-C6B51EE5F5E3</generatorID>
<ownerDesignName>Challenge_Ifood</ownerDesignName>
<engineerTo>
<item key="597F5BAC-6A46-D56E-AC60-67CAF8D5FEFA" value="true"/>
</engineerTo>
<referedAttribute>37417A0C-0BBE-B837-E5D1-896973A48A64</referedAttribute>
<useDomainConstraints>false</useDomainConstraints>
<use>1</use>
<logicalDatatype>LOGDT019</logicalDatatype>
<ownDataTypeParameters>,,</ownDataTypeParameters>
</Attribute>
<Attribute name="nr_cnpj" id="4458ED32-01BF-8FE2-273B-B4549400AA20">
<createdBy>ADMIN</createdBy>
<createdTime>2022-05-31 22:51:57 UTC</createdTime>
<generatorID>78BE8E57-19E6-D6D7-6F9D-5BAE1CDDA755</generatorID>
<ownerDesignName>Challenge_Ifood</ownerDesignName>
<engineerTo>
<item key="597F5BAC-6A46-D56E-AC60-67CAF8D5FEFA" value="true"/>
</engineerTo>
<referedAttribute>BCACAE9B-2979-4AE8-6AA9-586B8633F81D</referedAttribute>
<useDomainConstraints>false</useDomainConstraints>
<use>1</use>
<logicalDatatype>LOGDT019</logicalDatatype>
<ownDataTypeParameters>,,</ownDataTypeParameters>
</Attribute>
<Attribute name="cd_entregador" id="5367078A-450E-D064-B907-B85FA6FA9930">
<createdBy>ADMIN</createdBy>
<createdTime>2022-05-31 22:52:47 UTC</createdTime>
<generatorID>7F28170E-A3CB-ADBF-D1DB-AB618F1C3E5F</generatorID>
<ownerDesignName>Challenge_Ifood</ownerDesignName>
<engineerTo>
<item key="597F5BAC-6A46-D56E-AC60-67CAF8D5FEFA" value="true"/>
</engineerTo>
<referedAttribute>44E6061A-C252-152C-98AD-1FF8BEEBF294</referedAttribute>
<useDomainConstraints>false</useDomainConstraints>
<use>1</use>
<logicalDatatype>LOGDT019</logicalDatatype>
<ownDataTypeParameters>,,</ownDataTypeParameters>
</Attribute>
<Attribute name="cd_status" id="B6755630-ABAF-F3CC-C54A-2ABF39800B7E">
<createdBy>ADMIN</createdBy>
<createdTime>2022-05-31 22:55:50 UTC</createdTime>
<generatorID>8DC48BA4-5926-8DA4-D705-B389325AB90C</generatorID>
<ownerDesignName>Challenge_Ifood</ownerDesignName>
<engineerTo>
<item key="597F5BAC-6A46-D56E-AC60-67CAF8D5FEFA" value="true"/>
</engineerTo>
<referedAttribute>84B0C0D4-0AAC-7972-7A5F-8AA2972FC84D</referedAttribute>
<useDomainConstraints>false</useDomainConstraints>
<use>1</use>
<logicalDatatype>LOGDT019</logicalDatatype>
<ownDataTypeParameters>,,</ownDataTypeParameters>
</Attribute>
<Attribute name="ds_pedido" id="780B6568-0B50-E6C4-AACA-4BC15674A0CB">
<createdBy>ADMIN</createdBy>
<createdTime>2022-05-31 21:06:09 UTC</createdTime>
<ownerDesignName>Challenge_Ifood</ownerDesignName>
<engineerTo>
<item key="597F5BAC-6A46-D56E-AC60-67CAF8D5FEFA" value="true"/>
</engineerTo>
<useDomainConstraints>false</useDomainConstraints>
<use>1</use>
<logicalDatatype>LOGDT024</logicalDatatype>
<ownDataTypeParameters>,,</ownDataTypeParameters>
</Attribute>
<Attribute name="vl_pedido" id="891394EA-6E26-4A31-0A57-3404EF551E08">
<createdBy>ADMIN</createdBy>
<createdTime>2022-05-31 21:06:20 UTC</createdTime>
<ownerDesignName>Challenge_Ifood</ownerDesignName>
<engineerTo>
<item key="597F5BAC-6A46-D56E-AC60-67CAF8D5FEFA" value="true"/>
</engineerTo>
<useDomainConstraints>false</useDomainConstraints>
<use>1</use>
<logicalDatatype>LOGDT019</logicalDatatype>
<dataTypePrecision>7</dataTypePrecision>
<dataTypeScale>2</dataTypeScale>
<ownDataTypeParameters>,7,2</ownDataTypeParameters>
</Attribute>
<Attribute name="dt_hr_pedido" id="1A010624-35E5-BA20-D36E-C73D13DE97F7">
<createdBy>ADMIN</createdBy>
<createdTime>2022-05-31 21:06:47 UTC</createdTime>
<ownerDesignName>Challenge_Ifood</ownerDesignName>
<engineerTo>
<item key="597F5BAC-6A46-D56E-AC60-67CAF8D5FEFA" value="true"/>
</engineerTo>
<useDomainConstraints>false</useDomainConstraints>
<use>1</use>
<logicalDatatype>LOGDT008</logicalDatatype>
<ownDataTypeParameters>,,</ownDataTypeParameters>
</Attribute>
<Attribute name="dt_hr_entrega_pedido" id="62C32122-5A68-AD52-CEEF-5C03435E177A">
<createdBy>ADMIN</createdBy>
<createdTime>2022-05-31 21:07:23 UTC</createdTime>
<ownerDesignName>Challenge_Ifood</ownerDesignName>
<engineerTo>
<item key="597F5BAC-6A46-D56E-AC60-67CAF8D5FEFA" value="true"/>
</engineerTo>
<useDomainConstraints>false</useDomainConstraints>
<use>1</use>
<logicalDatatype>LOGDT008</logicalDatatype>
<ownDataTypeParameters>,,</ownDataTypeParameters>
</Attribute>
<Attribute name="ds_quantidade" id="32A82954-0E2C-B8FA-A90D-89BD08A366A6">
<createdBy>ADMIN</createdBy>
<createdTime>2022-05-31 21:09:17 UTC</createdTime>
<ownerDesignName>Challenge_Ifood</ownerDesignName>
<engineerTo>
<item key="597F5BAC-6A46-D56E-AC60-67CAF8D5FEFA" value="true"/>
</engineerTo>
<useDomainConstraints>false</useDomainConstraints>
<use>1</use>
<logicalDatatype>LOGDT019</logicalDatatype>
<ownDataTypeParameters>,,</ownDataTypeParameters>
</Attribute>
<Attribute name="tp_entrega" id="6A82A8AF-E98F-4516-C0D4-13A5C23CCE03">
<createdBy>ADMIN</createdBy>
<createdTime>2022-05-31 23:44:55 UTC</createdTime>
<ownerDesignName>Challenge_Ifood</ownerDesignName>
<engineerTo>
<item key="597F5BAC-6A46-D56E-AC60-67CAF8D5FEFA" value="true"/>
</engineerTo>
<useDomainConstraints>false</useDomainConstraints>
<use>1</use>
<logicalDatatype>LOGDT024</logicalDatatype>
<ownDataTypeParameters>,,</ownDataTypeParameters>
</Attribute>
</attributes>
<identifiers itemClass="oracle.dbtools.crest.model.design.logical.CandidateKey">
<identifier id="212AAA04-1A47-8D23-D790-93881629E625" name="T_PEDIDO PK">
<createdBy>ADMIN</createdBy>
<createdTime>2022-05-31 21:06:06 UTC</createdTime>
<ownerDesignName>Challenge_Ifood</ownerDesignName>
<engineerTo>
<item key="597F5BAC-6A46-D56E-AC60-67CAF8D5FEFA" value="true"/>
</engineerTo>
<pk>true</pk>
<usedAttributes>
<attributeRef>39D7579B-DCD1-CC7A-93FE-E45B86913CD1</attributeRef>
</usedAttributes>
</identifier>
</identifiers>
</Entity>