<?xml version = '1.0' encoding = 'UTF-8'?>
<Entity class="oracle.dbtools.crest.model.design.logical.Entity" directorySegmentName="seg_0" id="F42D0745-E184-4369-1582-4F37C63E4490" name="T_TIPO_FONE">
<createdBy>ADMIN</createdBy>
<createdTime>2022-05-31 20:46:59 UTC</createdTime>
<ownerDesignName>Challenge_Ifood</ownerDesignName>
<engineerTo>
<item key="597F5BAC-6A46-D56E-AC60-67CAF8D5FEFA" value="true"/>
</engineerTo>
<adequatelyNormalized>NO</adequatelyNormalized>
<expectedVolumes>0</expectedVolumes>
<fwdEngineeringStrategyName>Single Table</fwdEngineeringStrategyName>
<growthPercent>0</growthPercent>
<growthType>Year</growthType>
<maxVolumes>9999999</maxVolumes>
<minVolumes>0</minVolumes>
<normalForm>Third</normalForm>
<attributes itemClass="oracle.dbtools.crest.model.design.logical.Attribute">
<Attribute name="cd_tipo_fone" id="D6ACB55B-F63F-69CB-C067-4F9682A0B57F">
<createdBy>ADMIN</createdBy>
<createdTime>2022-05-31 20:47:09 UTC</createdTime>
<ownerDesignName>Challenge_Ifood</ownerDesignName>
<engineerTo>
<item key="597F5BAC-6A46-D56E-AC60-67CAF8D5FEFA" value="true"/>
</engineerTo>
<useDomainConstraints>false</useDomainConstraints>
<use>1</use>
<logicalDatatype>LOGDT019</logicalDatatype>
<ownDataTypeParameters>,,</ownDataTypeParameters>
</Attribute>
<Attribute name="nr_fone_completo" id="ED850285-1696-349F-EA5E-B44D60A11DE8">
<createdBy>ADMIN</createdBy>
<createdTime>2022-05-31 23:41:26 UTC</createdTime>
<generatorID>1484DEB8-BD7D-E129-3F95-8A27437CA5E2</generatorID>
<ownerDesignName>Challenge_Ifood</ownerDesignName>
<engineerTo>
<item key="597F5BAC-6A46-D56E-AC60-67CAF8D5FEFA" value="true"/>
</engineerTo>
<referedAttribute>4D9B8154-41F7-2F9B-BD3B-3EAFB734E97D</referedAttribute>
<useDomainConstraints>false</useDomainConstraints>
<use>1</use>
<logicalDatatype>LOGDT019</logicalDatatype>
<dataTypePrecision>11</dataTypePrecision>
<ownDataTypeParameters>,,</ownDataTypeParameters>
</Attribute>
<Attribute name="ds_tipo_fone" id="4B2F7CE6-CFB4-381F-0204-F897FC0867FF">
<createdBy>ADMIN</createdBy>
<createdTime>2022-05-31 20:47:21 UTC</createdTime>
<ownerDesignName>Challenge_Ifood</ownerDesignName>
<engineerTo>
<item key="597F5BAC-6A46-D56E-AC60-67CAF8D5FEFA" value="true"/>
</engineerTo>
<useDomainConstraints>false</useDomainConstraints>
<use>1</use>
<logicalDatatype>LOGDT024</logicalDatatype>
<dataTypeSize>10</dataTypeSize>
<ownDataTypeParameters>10,,</ownDataTypeParameters>
</Attribute>
</attributes>
<identifiers itemClass="oracle.dbtools.crest.model.design.logical.CandidateKey">
<identifier id="D27A5DF0-56D0-2577-5457-8B0F09844C92" name="T_TIPO_FONE PK">
<createdBy>ADMIN</createdBy>
<createdTime>2022-05-31 20:47:19 UTC</createdTime>
<ownerDesignName>Challenge_Ifood</ownerDesignName>
<shouldEngineer>false</shouldEngineer>
<engineerTo>
<item key="597F5BAC-6A46-D56E-AC60-67CAF8D5FEFA" value="false"/>
</engineerTo>
<pk>true</pk>
<usedAttributes>
<attributeRef>D6ACB55B-F63F-69CB-C067-4F9682A0B57F</attributeRef>
</usedAttributes>
</identifier>
</identifiers>
</Entity>