<?xml version = '1.0' encoding = 'UTF-8'?>
<Table class="oracle.dbtools.crest.model.design.relational.Table" directorySegmentName="seg_0" id="1D317BAA-16A7-2CB2-7EDC-64053C534968" name="T_ESTABELECIMENTO">
<createdBy>ADMIN</createdBy>
<createdTime>2022-05-31 23:48:14 UTC</createdTime>
<generatorID>0EC4A0F7-D86D-BB1D-F04D-E59A1C9C5368</generatorID>
<ownerDesignName>Challenge_Ifood</ownerDesignName>
<allowColumnReorder>false</allowColumnReorder>
<existDependencyGenerateInDDl>true</existDependencyGenerateInDDl>
<parsed>true</parsed>
<columns itemClass="oracle.dbtools.crest.model.design.relational.Column">
<Column name="nr_cnpj" id="E6DC9CB0-B082-D190-F543-F576981D5E0F">
<createdBy>ADMIN</createdBy>
<createdTime>2022-05-31 23:48:14 UTC</createdTime>
<generatorID>BCACAE9B-2979-4AE8-6AA9-586B8633F81D</generatorID>
<ownerDesignName>Challenge_Ifood</ownerDesignName>
<useDomainConstraints>false</useDomainConstraints>
<use>1</use>
<logicalDatatype>LOGDT019</logicalDatatype>
<ownDataTypeParameters>,,</ownDataTypeParameters>
<autoIncrementCycle>false</autoIncrementCycle>
</Column>
<Column name="ds_razao_social" id="1A2D2AD9-47FF-98B2-1797-548F15907255">
<createdBy>ADMIN</createdBy>
<createdTime>2022-05-31 23:48:14 UTC</createdTime>
<generatorID>3E616E9A-ED49-E3E2-95ED-712B68CAF31A</generatorID>
<ownerDesignName>Challenge_Ifood</ownerDesignName>
<useDomainConstraints>false</useDomainConstraints>
<use>1</use>
<logicalDatatype>LOGDT024</logicalDatatype>
<dataTypeSize>50</dataTypeSize>
<ownDataTypeParameters>50,,</ownDataTypeParameters>
<autoIncrementCycle>false</autoIncrementCycle>
</Column>
<Column name="nm_fantasia" id="8A2D38A1-39F3-0434-6FB4-96110E75C297">
<createdBy>ADMIN</createdBy>
<createdTime>2022-05-31 23:48:14 UTC</createdTime>
<generatorID>02630DFE-5C2B-597B-16F6-B4E13007361B</generatorID>
<ownerDesignName>Challenge_Ifood</ownerDesignName>
<useDomainConstraints>false</useDomainConstraints>
<use>1</use>
<logicalDatatype>LOGDT024</logicalDatatype>
<dataTypeSize>50</dataTypeSize>
<ownDataTypeParameters>50,,</ownDataTypeParameters>
<autoIncrementCycle>false</autoIncrementCycle>
</Column>
<Column name="ds_categoria" id="17B7DD16-BFB1-69E3-730F-9D57629BDF19">
<createdBy>ADMIN</createdBy>
<createdTime>2022-05-31 23:48:14 UTC</createdTime>
<generatorID>A866D2DA-ABA2-B96B-0972-6E7C966F844C</generatorID>
<ownerDesignName>Challenge_Ifood</ownerDesignName>
<useDomainConstraints>false</useDomainConstraints>
<use>1</use>
<logicalDatatype>LOGDT024</logicalDatatype>
<dataTypeSize>30</dataTypeSize>
<ownDataTypeParameters>30,,</ownDataTypeParameters>
<autoIncrementCycle>false</autoIncrementCycle>
</Column>
<Column name="nr_avaliacao" id="9EA947AD-CB19-3F31-2A67-995150517DE4">
<createdBy>ADMIN</createdBy>
<createdTime>2022-05-31 23:48:14 UTC</createdTime>
<generatorID>3B58D079-AD99-5A77-F80E-9A617C8EE491</generatorID>
<ownerDesignName>Challenge_Ifood</ownerDesignName>
<useDomainConstraints>false</useDomainConstraints>
<use>1</use>
<logicalDatatype>LOGDT019</logicalDatatype>
<dataTypePrecision>5</dataTypePrecision>
<ownDataTypeParameters>,5,</ownDataTypeParameters>
<autoIncrementCycle>false</autoIncrementCycle>
</Column>
</columns>
<indexes itemClass="oracle.dbtools.crest.model.design.relational.Index">
<ind_PK_UK id="3B6A1268-CE9B-4733-3FC3-1B7CBB5C2772" name="T_ESTABELECIMENTO_PK">
<createdBy>ADMIN</createdBy>
<createdTime>2022-05-31 23:48:14 UTC</createdTime>
<generatorID>763F26CB-A6AA-B53B-800D-222F079580CD</generatorID>
<ownerDesignName>Challenge_Ifood</ownerDesignName>
<pk>true</pk>
<indexState>Primary Constraint</indexState>
<isSurrogateKey>false</isSurrogateKey>
<indexColumnUsage>
<colUsage columnID="E6DC9CB0-B082-D190-F543-F576981D5E0F"/>
</indexColumnUsage>
</ind_PK_UK>
</indexes>
</Table>