<?xml version = '1.0' encoding = 'UTF-8'?>
<Table class="oracle.dbtools.crest.model.design.relational.Table" directorySegmentName="seg_0" id="2186645A-3117-B296-A334-60C19D120C70" name="T_TELEFONE">
<createdBy>ADMIN</createdBy>
<createdTime>2022-05-31 23:48:14 UTC</createdTime>
<generatorID>218AC517-16EB-FCFA-03F1-7729EF28A3BE</generatorID>
<ownerDesignName>Challenge_Ifood</ownerDesignName>
<allowColumnReorder>false</allowColumnReorder>
<existDependencyGenerateInDDl>true</existDependencyGenerateInDDl>
<parsed>true</parsed>
<columns itemClass="oracle.dbtools.crest.model.design.relational.Column">
<Column name="nr_fone_completo" id="B5F96290-2F75-150D-FC89-76863675B295">
<createdBy>ADMIN</createdBy>
<createdTime>2022-05-31 23:48:14 UTC</createdTime>
<generatorID>4D9B8154-41F7-2F9B-BD3B-3EAFB734E97D</generatorID>
<ownerDesignName>Challenge_Ifood</ownerDesignName>
<useDomainConstraints>false</useDomainConstraints>
<use>1</use>
<logicalDatatype>LOGDT019</logicalDatatype>
<dataTypePrecision>11</dataTypePrecision>
<ownDataTypeParameters>,11,</ownDataTypeParameters>
<autoIncrementCycle>false</autoIncrementCycle>
</Column>
<Column name="T_ESTABELECIMENTO_nr_cnpj" id="F8959ECB-E6E1-2261-B006-C4F343025ACC">
<createdBy>ADMIN</createdBy>
<createdTime>2022-05-31 23:48:14 UTC</createdTime>
<generatorID>3827930E-D516-A2E3-DEA2-AEEAA3E139AA</generatorID>
<ownerDesignName>Challenge_Ifood</ownerDesignName>
<useDomainConstraints>false</useDomainConstraints>
<use>1</use>
<logicalDatatype>LOGDT019</logicalDatatype>
<ownDataTypeParameters>,,</ownDataTypeParameters>
<previousColumn>false</previousColumn>
<autoIncrementCycle>false</autoIncrementCycle>
<associations>
<colAssociation fkAssociation="61390E7F-089F-0949-9A37-9174B2345992" referredColumn="E6DC9CB0-B082-D190-F543-F576981D5E0F"/>
</associations>
</Column>
<Column name="T_CLIENTE_cd_cliente" id="E6307D48-7568-ED72-68D4-331732F5A7E6">
<createdBy>ADMIN</createdBy>
<createdTime>2022-05-31 23:48:14 UTC</createdTime>
<generatorID>AB966657-DAF5-DE6F-6E4E-2F1B465FD92D</generatorID>
<ownerDesignName>Challenge_Ifood</ownerDesignName>
<useDomainConstraints>false</useDomainConstraints>
<use>1</use>
<logicalDatatype>LOGDT019</logicalDatatype>
<ownDataTypeParameters>,,</ownDataTypeParameters>
<previousColumn>false</previousColumn>
<autoIncrementCycle>false</autoIncrementCycle>
<associations>
<colAssociation fkAssociation="72C2DF66-F1B1-714B-362A-3E9770108D28" referredColumn="A1921F28-6AE7-BA9D-0212-5EC5299195FB"/>
</associations>
</Column>
<Column name="T_TIPO_FONE_cd_tipo_fone" id="CDF8E911-455C-2DE2-7847-EFA38111AE18">
<createdBy>ADMIN</createdBy>
<createdTime>2022-05-31 23:48:14 UTC</createdTime>
<generatorID>599EEFF2-E4DA-010E-560F-80AB299F19AD</generatorID>
<ownerDesignName>Challenge_Ifood</ownerDesignName>
<useDomainConstraints>false</useDomainConstraints>
<use>1</use>
<logicalDatatype>LOGDT019</logicalDatatype>
<ownDataTypeParameters>,,</ownDataTypeParameters>
<previousColumn>false</previousColumn>
<autoIncrementCycle>false</autoIncrementCycle>
<associations>
<colAssociation fkAssociation="7862BA57-6D7C-06BF-D105-2A1F7829F09F" referredColumn="0A110E1F-E705-7B16-9D0C-A23A03D30893"/>
</associations>
</Column>
<Column name="nr_telefone" id="74D6A316-95ED-1CCD-0C6D-88D29C5F5628">
<createdBy>ADMIN</createdBy>
<createdTime>2022-05-31 23:48:14 UTC</createdTime>
<generatorID>9A5ACA60-2BC0-CE45-784A-91D629C93361</generatorID>
<ownerDesignName>Challenge_Ifood</ownerDesignName>
<useDomainConstraints>false</useDomainConstraints>
<use>1</use>
<logicalDatatype>LOGDT019</logicalDatatype>
<dataTypePrecision>9</dataTypePrecision>
<ownDataTypeParameters>,9,</ownDataTypeParameters>
<autoIncrementCycle>false</autoIncrementCycle>
</Column>
<Column name="nr_ddd" id="170AC790-3875-5EEF-1D91-00752A32C617">
<createdBy>ADMIN</createdBy>
<createdTime>2022-05-31 23:48:14 UTC</createdTime>
<generatorID>CB04CD64-8535-63DF-E2CD-71C8AFCF6C8A</generatorID>
<ownerDesignName>Challenge_Ifood</ownerDesignName>
<useDomainConstraints>false</useDomainConstraints>
<use>1</use>
<logicalDatatype>LOGDT019</logicalDatatype>
<dataTypePrecision>2</dataTypePrecision>
<ownDataTypeParameters>,2,</ownDataTypeParameters>
<autoIncrementCycle>false</autoIncrementCycle>
</Column>
</columns>
<indexes itemClass="oracle.dbtools.crest.model.design.relational.Index">
<ind_PK_UK id="F6D0E767-EC69-0000-7666-24B6045D9C08" name="T_TELEFONE_PK">
<createdBy>ADMIN</createdBy>
<createdTime>2022-05-31 23:48:14 UTC</createdTime>
<generatorID>57D1F1E5-EC50-0F62-F92F-F06186FA303E</generatorID>
<ownerDesignName>Challenge_Ifood</ownerDesignName>
<pk>true</pk>
<indexState>Primary Constraint</indexState>
<isSurrogateKey>false</isSurrogateKey>
<indexColumnUsage>
<colUsage columnID="B5F96290-2F75-150D-FC89-76863675B295"/>
<colUsage columnID="E6307D48-7568-ED72-68D4-331732F5A7E6"/>
</indexColumnUsage>
</ind_PK_UK>
<ind_PK_UK id="F8C37FE1-B2B6-A712-802C-772F32C8F1D5" name="T_TELEFONE__IDX">
<createdBy>ADMIN</createdBy>
<createdTime>2022-05-31 23:48:14 UTC</createdTime>
<ownerDesignName>Challenge_Ifood</ownerDesignName>
<indexState>Unique Plain Index</indexState>
<isSurrogateKey>false</isSurrogateKey>
<relationGeneratorID>1484DEB8-BD7D-E129-3F95-8A27437CA5E2</relationGeneratorID>
<indexColumnUsage>
<colUsage columnID="CDF8E911-455C-2DE2-7847-EFA38111AE18"/>
</indexColumnUsage>
</ind_PK_UK>
<ind_PK_UK id="5996C064-90C9-F754-A285-B996F2F01793" name="T_TELEFONE_T_CLIENTE_FK">
<createdBy>ADMIN</createdBy>
<createdTime>2022-05-31 23:48:14 UTC</createdTime>
<generatorID>512B9D09-EDDB-891E-4368-FD7876091975</generatorID>
<ownerDesignName>Challenge_Ifood</ownerDesignName>
<indexState>Foreign Key</indexState>
<isSurrogateKey>false</isSurrogateKey>
<indexColumnUsage>
<colUsage columnID="E6307D48-7568-ED72-68D4-331732F5A7E6"/>
</indexColumnUsage>
</ind_PK_UK>
<ind_PK_UK id="051DFE00-0F77-A445-FDD1-3A88D4BF425A" name="T_ESTABELECIMENTO_FK">
<createdBy>ADMIN</createdBy>
<createdTime>2022-05-31 23:48:14 UTC</createdTime>
<generatorID>54286EA7-C548-32A2-5479-D22BA99684FF</generatorID>
<ownerDesignName>Challenge_Ifood</ownerDesignName>
<indexState>Foreign Key</indexState>
<isSurrogateKey>false</isSurrogateKey>
<indexColumnUsage>
<colUsage columnID="F8959ECB-E6E1-2261-B006-C4F343025ACC"/>
</indexColumnUsage>
</ind_PK_UK>
<ind_PK_UK id="D0DC6419-AEFE-EE83-7B1D-F98516E2465E" name="T_TELEFONE_T_TIPO_FONE_FK">
<createdBy>ADMIN</createdBy>
<createdTime>2022-06-01 00:23:37 UTC</createdTime>
<generatorID>1484DEB8-BD7D-E129-3F95-8A27437CA5E2</generatorID>
<ownerDesignName>Challenge_Ifood</ownerDesignName>
<indexState>Foreign Key</indexState>
<isSurrogateKey>false</isSurrogateKey>
<indexColumnUsage>
<colUsage columnID="CDF8E911-455C-2DE2-7847-EFA38111AE18"/>
</indexColumnUsage>
</ind_PK_UK>
</indexes>
</Table>