<?xml version = '1.0' encoding = 'UTF-8'?>
<Table class="oracle.dbtools.crest.model.design.relational.Table" directorySegmentName="seg_0" id="53A86DFE-A26C-7CDD-8726-3F65498F740B" name="T_TIPO_FONE">
<createdBy>ADMIN</createdBy>
<createdTime>2022-05-31 23:48:14 UTC</createdTime>
<generatorID>F42D0745-E184-4369-1582-4F37C63E4490</generatorID>
<ownerDesignName>Challenge_Ifood</ownerDesignName>
<allowColumnReorder>false</allowColumnReorder>
<existDependencyGenerateInDDl>true</existDependencyGenerateInDDl>
<parsed>true</parsed>
<columns itemClass="oracle.dbtools.crest.model.design.relational.Column">
<Column name="cd_tipo_fone" id="0A110E1F-E705-7B16-9D0C-A23A03D30893">
<createdBy>ADMIN</createdBy>
<createdTime>2022-05-31 23:48:14 UTC</createdTime>
<generatorID>D6ACB55B-F63F-69CB-C067-4F9682A0B57F</generatorID>
<ownerDesignName>Challenge_Ifood</ownerDesignName>
<useDomainConstraints>false</useDomainConstraints>
<use>1</use>
<logicalDatatype>LOGDT019</logicalDatatype>
<ownDataTypeParameters>,,</ownDataTypeParameters>
<autoIncrementCycle>false</autoIncrementCycle>
</Column>
<Column name="T_TELEFONE_nr_fone_completo" id="D12E7208-61CE-C9EA-0AFE-F39E23A7C7C0">
<createdBy>ADMIN</createdBy>
<createdTime>2022-05-31 23:48:14 UTC</createdTime>
<generatorID>ED850285-1696-349F-EA5E-B44D60A11DE8</generatorID>
<ownerDesignName>Challenge_Ifood</ownerDesignName>
<useDomainConstraints>false</useDomainConstraints>
<use>1</use>
<logicalDatatype>LOGDT019</logicalDatatype>
<dataTypePrecision>11</dataTypePrecision>
<ownDataTypeParameters>,,</ownDataTypeParameters>
<previousColumn>false</previousColumn>
<autoIncrementCycle>false</autoIncrementCycle>
<associations>
<colAssociation fkAssociation="10DFA7E4-0E6F-AE9A-577D-D1B8964F455F" referredColumn="B5F96290-2F75-150D-FC89-76863675B295"/>
</associations>
</Column>
<Column name="ds_tipo_fone" id="3C379AF6-617B-438C-4F7A-FE43C662689C">
<createdBy>ADMIN</createdBy>
<createdTime>2022-05-31 23:48:14 UTC</createdTime>
<generatorID>4B2F7CE6-CFB4-381F-0204-F897FC0867FF</generatorID>
<ownerDesignName>Challenge_Ifood</ownerDesignName>
<useDomainConstraints>false</useDomainConstraints>
<use>1</use>
<logicalDatatype>LOGDT024</logicalDatatype>
<dataTypeSize>10</dataTypeSize>
<ownDataTypeParameters>10,,</ownDataTypeParameters>
<autoIncrementCycle>false</autoIncrementCycle>
</Column>
<Column name="cd_cliente" id="BB0DC2A9-8A1F-2314-7AAD-86FB681FFA98">
<createdBy>ADMIN</createdBy>
<createdTime>2022-06-01 00:11:38 UTC</createdTime>
<ownerDesignName>Challenge_Ifood</ownerDesignName>
<useDomainConstraints>false</useDomainConstraints>
<use>1</use>
<logicalDatatype>LOGDT019</logicalDatatype>
<ownDataTypeParameters>,,</ownDataTypeParameters>
<previousColumn>false</previousColumn>
<autoIncrementCycle>false</autoIncrementCycle>
</Column>
</columns>
<indexes itemClass="oracle.dbtools.crest.model.design.relational.Index">
<ind_PK_UK id="A0917AC7-8392-A503-91E6-20AAF99873C2" name="T_TIPO_FONE_PK">
<createdBy>ADMIN</createdBy>
<createdTime>2022-05-31 23:48:14 UTC</createdTime>
<generatorID>D27A5DF0-56D0-2577-5457-8B0F09844C92</generatorID>
<ownerDesignName>Challenge_Ifood</ownerDesignName>
<pk>true</pk>
<indexState>Primary Constraint</indexState>
<isSurrogateKey>false</isSurrogateKey>
<indexColumnUsage>
<colUsage columnID="0A110E1F-E705-7B16-9D0C-A23A03D30893"/>
</indexColumnUsage>
</ind_PK_UK>
<ind_PK_UK id="6E6F99E0-5D36-3401-FADB-C1684CA6203A" name="T_TIPO_FONE__IDX">
<createdBy>ADMIN</createdBy>
<createdTime>2022-05-31 23:48:14 UTC</createdTime>
<ownerDesignName>Challenge_Ifood</ownerDesignName>
<indexState>Unique Plain Index</indexState>
<isSurrogateKey>false</isSurrogateKey>
<relationGeneratorID>1484DEB8-BD7D-E129-3F95-8A27437CA5E2</relationGeneratorID>
<indexColumnUsage>
<colUsage columnID="D12E7208-61CE-C9EA-0AFE-F39E23A7C7C0"/>
</indexColumnUsage>
</ind_PK_UK>
<ind_PK_UK id="B106AD43-59F8-36A1-70D5-CD64EC4DAD1A" name="T_TIPO_FONE__IDXv1">
<createdBy>ADMIN</createdBy>
<createdTime>2022-06-01 00:11:38 UTC</createdTime>
<ownerDesignName>Challenge_Ifood</ownerDesignName>
<indexState>Unique Plain Index</indexState>
<isSurrogateKey>false</isSurrogateKey>
<relationGeneratorID>1484DEB8-BD7D-E129-3F95-8A27437CA5E2</relationGeneratorID>
<indexColumnUsage>
<colUsage columnID="D12E7208-61CE-C9EA-0AFE-F39E23A7C7C0"/>
<colUsage columnID="BB0DC2A9-8A1F-2314-7AAD-86FB681FFA98"/>
</indexColumnUsage>
</ind_PK_UK>
<ind_PK_UK id="07126285-3FA5-EAB9-6875-739B39EC837D" name="T_TIPO_FONE_T_TELEFONE_FK">
<createdBy>ADMIN</createdBy>
<createdTime>2022-06-01 00:23:37 UTC</createdTime>
<generatorID>1484DEB8-BD7D-E129-3F95-8A27437CA5E2</generatorID>
<ownerDesignName>Challenge_Ifood</ownerDesignName>
<indexState>Foreign Key</indexState>
<isSurrogateKey>false</isSurrogateKey>
<indexColumnUsage>
<colUsage columnID="D12E7208-61CE-C9EA-0AFE-F39E23A7C7C0"/>
</indexColumnUsage>
</ind_PK_UK>
</indexes>
</Table>