<?xml version = '1.0' encoding = 'UTF-8'?>
<Table class="oracle.dbtools.crest.model.design.relational.Table" directorySegmentName="seg_0" id="540590CF-E5AC-0C47-0252-ECB27F6A31A7" name="T_PEDIDO">
<createdBy>ADMIN</createdBy>
<createdTime>2022-05-31 23:48:14 UTC</createdTime>
<generatorID>F40C65EF-92C0-06F5-4DA6-600FAD075135</generatorID>
<ownerDesignName>Challenge_Ifood</ownerDesignName>
<allowColumnReorder>false</allowColumnReorder>
<existDependencyGenerateInDDl>true</existDependencyGenerateInDDl>
<parsed>true</parsed>
<columns itemClass="oracle.dbtools.crest.model.design.relational.Column">
<Column name="cd_pedido" id="6ACB6482-DF7A-BC37-B5DF-665262A1B12A">
<createdBy>ADMIN</createdBy>
<createdTime>2022-05-31 23:48:14 UTC</createdTime>
<generatorID>39D7579B-DCD1-CC7A-93FE-E45B86913CD1</generatorID>
<ownerDesignName>Challenge_Ifood</ownerDesignName>
<useDomainConstraints>false</useDomainConstraints>
<use>1</use>
<logicalDatatype>LOGDT019</logicalDatatype>
<ownDataTypeParameters>,,</ownDataTypeParameters>
<autoIncrementCycle>false</autoIncrementCycle>
</Column>
<Column name="T_CLIENTE_cd_cliente" id="80C6D529-0A8B-5B42-FF62-00AB708E3298">
<createdBy>ADMIN</createdBy>
<createdTime>2022-05-31 23:48:14 UTC</createdTime>
<generatorID>F8B00E7C-EE95-FD5B-64B9-FDEA57E918DE</generatorID>
<ownerDesignName>Challenge_Ifood</ownerDesignName>
<useDomainConstraints>false</useDomainConstraints>
<use>1</use>
<logicalDatatype>LOGDT019</logicalDatatype>
<ownDataTypeParameters>,,</ownDataTypeParameters>
<previousColumn>false</previousColumn>
<autoIncrementCycle>false</autoIncrementCycle>
<associations>
<colAssociation fkAssociation="156AAC47-107E-16F8-A714-399EDBF061A9" referredColumn="A1921F28-6AE7-BA9D-0212-5EC5299195FB"/>
</associations>
</Column>
<Column name="T_ESTABELECIMENTO_nr_cnpj" id="155743A3-7416-BE01-1A01-51B818A00C6F">
<createdBy>ADMIN</createdBy>
<createdTime>2022-05-31 23:48:14 UTC</createdTime>
<generatorID>4458ED32-01BF-8FE2-273B-B4549400AA20</generatorID>
<ownerDesignName>Challenge_Ifood</ownerDesignName>
<useDomainConstraints>false</useDomainConstraints>
<use>1</use>
<logicalDatatype>LOGDT019</logicalDatatype>
<ownDataTypeParameters>,,</ownDataTypeParameters>
<previousColumn>false</previousColumn>
<autoIncrementCycle>false</autoIncrementCycle>
<associations>
<colAssociation fkAssociation="703053AE-9D02-E078-3AC1-84F1B450A4EB" referredColumn="E6DC9CB0-B082-D190-F543-F576981D5E0F"/>
</associations>
</Column>
<Column name="T_ENTREGADOR_cd_entregador" id="C641E468-2AA6-9215-BAC0-4CA8337EE850">
<createdBy>ADMIN</createdBy>
<createdTime>2022-05-31 23:48:14 UTC</createdTime>
<generatorID>5367078A-450E-D064-B907-B85FA6FA9930</generatorID>
<ownerDesignName>Challenge_Ifood</ownerDesignName>
<useDomainConstraints>false</useDomainConstraints>
<use>1</use>
<logicalDatatype>LOGDT019</logicalDatatype>
<ownDataTypeParameters>,,</ownDataTypeParameters>
<previousColumn>false</previousColumn>
<autoIncrementCycle>false</autoIncrementCycle>
<associations>
<colAssociation fkAssociation="43CFFDA3-6D05-94A9-DBB1-277F6D75616C" referredColumn="04D09D1E-EA0A-325D-100D-D093A18ED16E"/>
</associations>
</Column>
<Column name="T_STATUS_PEDIDO_cd_status" id="5CB57E70-369A-FF4F-D004-FF97C67A6311">
<createdBy>ADMIN</createdBy>
<createdTime>2022-05-31 23:48:14 UTC</createdTime>
<generatorID>B6755630-ABAF-F3CC-C54A-2ABF39800B7E</generatorID>
<ownerDesignName>Challenge_Ifood</ownerDesignName>
<useDomainConstraints>false</useDomainConstraints>
<use>1</use>
<logicalDatatype>LOGDT019</logicalDatatype>
<ownDataTypeParameters>,,</ownDataTypeParameters>
<previousColumn>false</previousColumn>
<autoIncrementCycle>false</autoIncrementCycle>
<associations>
<colAssociation fkAssociation="B111BF35-9B96-F528-6310-0C43EF255BF4" referredColumn="7D6E07CF-36E0-A25F-0E29-85F620E772EF"/>
</associations>
</Column>
<Column name="ds_pedido" id="7FD477E6-6E58-59D5-D69A-8CF5B25B75EA">
<createdBy>ADMIN</createdBy>
<createdTime>2022-05-31 23:48:14 UTC</createdTime>
<generatorID>780B6568-0B50-E6C4-AACA-4BC15674A0CB</generatorID>
<ownerDesignName>Challenge_Ifood</ownerDesignName>
<useDomainConstraints>false</useDomainConstraints>
<use>1</use>
<logicalDatatype>LOGDT024</logicalDatatype>
<dataTypeSize>30</dataTypeSize>
<ownDataTypeParameters>30,,</ownDataTypeParameters>
<autoIncrementCycle>false</autoIncrementCycle>
</Column>
<Column name="vl_pedido" id="425AA157-B418-317F-D443-848A2B3E957C">
<createdBy>ADMIN</createdBy>
<createdTime>2022-05-31 23:48:14 UTC</createdTime>
<generatorID>891394EA-6E26-4A31-0A57-3404EF551E08</generatorID>
<ownerDesignName>Challenge_Ifood</ownerDesignName>
<useDomainConstraints>false</useDomainConstraints>
<use>1</use>
<logicalDatatype>LOGDT019</logicalDatatype>
<dataTypePrecision>7</dataTypePrecision>
<dataTypeScale>2</dataTypeScale>
<ownDataTypeParameters>,7,2</ownDataTypeParameters>
<autoIncrementCycle>false</autoIncrementCycle>
</Column>
<Column name="dt_hr_pedido" id="0DBCE0E1-E897-4F8F-E4F9-8744AC419749">
<createdBy>ADMIN</createdBy>
<createdTime>2022-05-31 23:48:14 UTC</createdTime>
<generatorID>1A010624-35E5-BA20-D36E-C73D13DE97F7</generatorID>
<ownerDesignName>Challenge_Ifood</ownerDesignName>
<useDomainConstraints>false</useDomainConstraints>
<use>1</use>
<logicalDatatype>LOGDT008</logicalDatatype>
<ownDataTypeParameters>,,</ownDataTypeParameters>
<autoIncrementCycle>false</autoIncrementCycle>
</Column>
<Column name="dt_hr_entrega_pedido" id="59E103C8-C29B-86CE-C27A-0D581C58BCF0">
<createdBy>ADMIN</createdBy>
<createdTime>2022-05-31 23:48:14 UTC</createdTime>
<generatorID>62C32122-5A68-AD52-CEEF-5C03435E177A</generatorID>
<ownerDesignName>Challenge_Ifood</ownerDesignName>
<useDomainConstraints>false</useDomainConstraints>
<use>1</use>
<logicalDatatype>LOGDT008</logicalDatatype>
<ownDataTypeParameters>,,</ownDataTypeParameters>
<autoIncrementCycle>false</autoIncrementCycle>
</Column>
<Column name="ds_quantidade" id="F6F4ABA3-9ABC-B8CB-9ED1-72189C26F61B">
<createdBy>ADMIN</createdBy>
<createdTime>2022-05-31 23:48:14 UTC</createdTime>
<generatorID>32A82954-0E2C-B8FA-A90D-89BD08A366A6</generatorID>
<ownerDesignName>Challenge_Ifood</ownerDesignName>
<useDomainConstraints>false</useDomainConstraints>
<use>1</use>
<logicalDatatype>LOGDT019</logicalDatatype>
<ownDataTypeParameters>,,</ownDataTypeParameters>
<autoIncrementCycle>false</autoIncrementCycle>
</Column>
<Column name="tp_entrega" id="94D3700C-D5D3-EEB8-CFCA-85BB9A5B8684">
<createdBy>ADMIN</createdBy>
<createdTime>2022-05-31 23:48:14 UTC</createdTime>
<generatorID>6A82A8AF-E98F-4516-C0D4-13A5C23CCE03</generatorID>
<ownerDesignName>Challenge_Ifood</ownerDesignName>
<useDomainConstraints>false</useDomainConstraints>
<use>1</use>
<logicalDatatype>LOGDT024</logicalDatatype>
<dataTypeSize>30</dataTypeSize>
<ownDataTypeParameters>30,,</ownDataTypeParameters>
<autoIncrementCycle>false</autoIncrementCycle>
</Column>
</columns>
<indexes itemClass="oracle.dbtools.crest.model.design.relational.Index">
<ind_PK_UK id="6C059011-8D2F-6EFF-57E1-96238A3CB345" name="T_PEDIDO_PK">
<createdBy>ADMIN</createdBy>
<createdTime>2022-05-31 23:48:14 UTC</createdTime>
<generatorID>212AAA04-1A47-8D23-D790-93881629E625</generatorID>
<ownerDesignName>Challenge_Ifood</ownerDesignName>
<pk>true</pk>
<indexState>Primary Constraint</indexState>
<isSurrogateKey>false</isSurrogateKey>
<indexColumnUsage>
<colUsage columnID="6ACB6482-DF7A-BC37-B5DF-665262A1B12A"/>
<colUsage columnID="80C6D529-0A8B-5B42-FF62-00AB708E3298"/>
</indexColumnUsage>
</ind_PK_UK>
<ind_PK_UK id="ED846F46-3EC9-61E3-C4D1-E05832673288" name="T_PEDIDO__IDX">
<createdBy>ADMIN</createdBy>
<createdTime>2022-05-31 23:48:14 UTC</createdTime>
<ownerDesignName>Challenge_Ifood</ownerDesignName>
<indexState>Unique Plain Index</indexState>
<isSurrogateKey>false</isSurrogateKey>
<relationGeneratorID>8DC48BA4-5926-8DA4-D705-B389325AB90C</relationGeneratorID>
<indexColumnUsage>
<colUsage columnID="5CB57E70-369A-FF4F-D004-FF97C67A6311"/>
</indexColumnUsage>
</ind_PK_UK>
<ind_PK_UK id="81FF8FF6-B0E9-3BA6-F553-0FCFB1CCC292" name="T_PEDIDO_T_ESTABELECIMENTO_FK">
<createdBy>ADMIN</createdBy>
<createdTime>2022-05-31 23:48:14 UTC</createdTime>
<generatorID>78BE8E57-19E6-D6D7-6F9D-5BAE1CDDA755</generatorID>
<ownerDesignName>Challenge_Ifood</ownerDesignName>
<indexState>Foreign Key</indexState>
<isSurrogateKey>false</isSurrogateKey>
<indexColumnUsage>
<colUsage columnID="155743A3-7416-BE01-1A01-51B818A00C6F"/>
</indexColumnUsage>
</ind_PK_UK>
<ind_PK_UK id="62F2C70C-3E1D-3B98-1177-C9D2191BD25D" name="T_PEDIDO_T_CLIENTE_FK">
<createdBy>ADMIN</createdBy>
<createdTime>2022-05-31 23:48:14 UTC</createdTime>
<generatorID>0E1726A4-D712-7AAE-4F58-C6B51EE5F5E3</generatorID>
<ownerDesignName>Challenge_Ifood</ownerDesignName>
<indexState>Foreign Key</indexState>
<isSurrogateKey>false</isSurrogateKey>
<indexColumnUsage>
<colUsage columnID="80C6D529-0A8B-5B42-FF62-00AB708E3298"/>
</indexColumnUsage>
</ind_PK_UK>
<ind_PK_UK id="6FC19EA7-783D-DBFC-3DD6-902D78D00542" name="T_PEDIDO_T_ENTREGADOR_FK">
<createdBy>ADMIN</createdBy>
<createdTime>2022-05-31 23:48:14 UTC</createdTime>
<generatorID>7F28170E-A3CB-ADBF-D1DB-AB618F1C3E5F</generatorID>
<ownerDesignName>Challenge_Ifood</ownerDesignName>
<indexState>Foreign Key</indexState>
<isSurrogateKey>false</isSurrogateKey>
<indexColumnUsage>
<colUsage columnID="C641E468-2AA6-9215-BAC0-4CA8337EE850"/>
</indexColumnUsage>
</ind_PK_UK>
<ind_PK_UK id="735141D1-1B10-11CE-DB89-37F239D9C211" name="T_PEDIDO_T_STATUS_PEDIDO_FK">
<createdBy>ADMIN</createdBy>
<createdTime>2022-06-01 00:23:37 UTC</createdTime>
<generatorID>8DC48BA4-5926-8DA4-D705-B389325AB90C</generatorID>
<ownerDesignName>Challenge_Ifood</ownerDesignName>
<indexState>Foreign Key</indexState>
<isSurrogateKey>false</isSurrogateKey>
<indexColumnUsage>
<colUsage columnID="5CB57E70-369A-FF4F-D004-FF97C67A6311"/>
</indexColumnUsage>
</ind_PK_UK>
</indexes>
</Table>