<?xml version = '1.0' encoding = 'UTF-8'?>
<Table class="oracle.dbtools.crest.model.design.relational.Table" directorySegmentName="seg_0" id="721F8C23-F2DE-149E-B30C-4C004CC611C2" name="T_ENTREGADOR">
<createdBy>ADMIN</createdBy>
<createdTime>2022-05-31 23:48:14 UTC</createdTime>
<generatorID>03E874BA-A83A-DCD8-19A1-7E079C37C6F2</generatorID>
<ownerDesignName>Challenge_Ifood</ownerDesignName>
<allowColumnReorder>false</allowColumnReorder>
<existDependencyGenerateInDDl>true</existDependencyGenerateInDDl>
<parsed>true</parsed>
<columns itemClass="oracle.dbtools.crest.model.design.relational.Column">
<Column name="cd_entregador" id="04D09D1E-EA0A-325D-100D-D093A18ED16E">
<createdBy>ADMIN</createdBy>
<createdTime>2022-05-31 23:48:14 UTC</createdTime>
<generatorID>44E6061A-C252-152C-98AD-1FF8BEEBF294</generatorID>
<ownerDesignName>Challenge_Ifood</ownerDesignName>
<useDomainConstraints>false</useDomainConstraints>
<use>1</use>
<logicalDatatype>LOGDT019</logicalDatatype>
<ownDataTypeParameters>,,</ownDataTypeParameters>
<autoIncrementCycle>false</autoIncrementCycle>
</Column>
<Column name="T_SEXO_cd_sexo" id="0B619C4F-092A-6C69-B77F-48598DF11C75">
<createdBy>ADMIN</createdBy>
<createdTime>2022-05-31 23:48:14 UTC</createdTime>
<generatorID>AE5B9D85-1C6E-7901-E34D-A89DAD78A3D9</generatorID>
<ownerDesignName>Challenge_Ifood</ownerDesignName>
<useDomainConstraints>false</useDomainConstraints>
<use>1</use>
<logicalDatatype>LOGDT025</logicalDatatype>
<ownDataTypeParameters>,,</ownDataTypeParameters>
<previousColumn>false</previousColumn>
<autoIncrementCycle>false</autoIncrementCycle>
</Column>
<Column name="ds_nome_entregador" id="4273BE76-5DCE-EDE8-4401-B060D7BE6B21">
<createdBy>ADMIN</createdBy>
<createdTime>2022-05-31 23:48:14 UTC</createdTime>
<generatorID>E1467F61-C5CB-2C00-BEA5-B5CD1D36A422</generatorID>
<ownerDesignName>Challenge_Ifood</ownerDesignName>
<useDomainConstraints>false</useDomainConstraints>
<use>1</use>
<logicalDatatype>LOGDT024</logicalDatatype>
<dataTypeSize>50</dataTypeSize>
<ownDataTypeParameters>50,,</ownDataTypeParameters>
<autoIncrementCycle>false</autoIncrementCycle>
</Column>
<Column name="ds_sobrenome_entregador" id="B48D19EB-3EF4-FFBD-4C2F-12575BE82BF5">
<createdBy>ADMIN</createdBy>
<createdTime>2022-05-31 23:48:14 UTC</createdTime>
<generatorID>B20A698F-E4BB-C825-0257-555E5CCCA109</generatorID>
<ownerDesignName>Challenge_Ifood</ownerDesignName>
<useDomainConstraints>false</useDomainConstraints>
<use>1</use>
<logicalDatatype>LOGDT024</logicalDatatype>
<dataTypeSize>50</dataTypeSize>
<ownDataTypeParameters>50,,</ownDataTypeParameters>
<autoIncrementCycle>false</autoIncrementCycle>
</Column>
<Column name="dt_nasc_entregador" id="3B45022E-8BD2-E9E4-FF36-FF9D00A310E0">
<createdBy>ADMIN</createdBy>
<createdTime>2022-05-31 23:48:14 UTC</createdTime>
<generatorID>B2457BE7-3871-2EA2-C4B3-A2379E35610C</generatorID>
<ownerDesignName>Challenge_Ifood</ownerDesignName>
<useDomainConstraints>false</useDomainConstraints>
<use>1</use>
<logicalDatatype>LOGDT007</logicalDatatype>
<ownDataTypeParameters>,,</ownDataTypeParameters>
<autoIncrementCycle>false</autoIncrementCycle>
</Column>
<Column name="nr_cpf_entregador" id="EF27DBB1-AF61-8451-4877-CE3D1FFE09BB">
<createdBy>ADMIN</createdBy>
<createdTime>2022-05-31 23:48:14 UTC</createdTime>
<generatorID>1DA006C4-C5BB-BF3A-DB35-2E9194229A9B</generatorID>
<ownerDesignName>Challenge_Ifood</ownerDesignName>
<useDomainConstraints>false</useDomainConstraints>
<use>1</use>
<logicalDatatype>LOGDT019</logicalDatatype>
<dataTypePrecision>11</dataTypePrecision>
<ownDataTypeParameters>,11,</ownDataTypeParameters>
<autoIncrementCycle>false</autoIncrementCycle>
</Column>
<Column name="nr_rg_entregador" id="1196B212-3AD1-AF7F-BAF3-4F2B00C1189A">
<createdBy>ADMIN</createdBy>
<createdTime>2022-05-31 23:48:14 UTC</createdTime>
<generatorID>74AF43F8-6AEB-371E-D413-61C6AC36412E</generatorID>
<ownerDesignName>Challenge_Ifood</ownerDesignName>
<useDomainConstraints>false</useDomainConstraints>
<use>1</use>
<logicalDatatype>LOGDT019</logicalDatatype>
<dataTypePrecision>9</dataTypePrecision>
<ownDataTypeParameters>,9,</ownDataTypeParameters>
<autoIncrementCycle>false</autoIncrementCycle>
</Column>
<Column name="nr_avaliacao" id="E65E9C14-D89E-1EF2-78DC-C50A68420368">
<createdBy>ADMIN</createdBy>
<createdTime>2022-05-31 23:48:14 UTC</createdTime>
<generatorID>68AC5EFA-9AAF-A844-DCFC-5EBBFEA75033</generatorID>
<ownerDesignName>Challenge_Ifood</ownerDesignName>
<useDomainConstraints>false</useDomainConstraints>
<use>1</use>
<logicalDatatype>LOGDT019</logicalDatatype>
<dataTypePrecision>5</dataTypePrecision>
<ownDataTypeParameters>,5,</ownDataTypeParameters>
<autoIncrementCycle>false</autoIncrementCycle>
</Column>
<Column name="T_SEXO_cd_sexo1" id="5A92EEED-2E8A-3ABB-F030-7CE334156730">
<createdBy>ADMIN</createdBy>
<createdTime>2022-06-01 00:37:03 UTC</createdTime>
<ownerDesignName>Challenge_Ifood</ownerDesignName>
<useDomainConstraints>false</useDomainConstraints>
<use>1</use>
<logicalDatatype>LOGDT019</logicalDatatype>
<ownDataTypeParameters>,,</ownDataTypeParameters>
<previousColumn>false</previousColumn>
<autoIncrementCycle>false</autoIncrementCycle>
<associations>
<colAssociation fkAssociation="8B836CD8-5455-FC9B-79FC-D913BC383232" referredColumn="526B6B41-5E42-6983-8A64-FEABA5F5FB41"/>
</associations>
</Column>
</columns>
<indexes itemClass="oracle.dbtools.crest.model.design.relational.Index">
<ind_PK_UK id="984D09C4-FA33-59F2-A3C7-ED0AB997CF9D" name="T_ENTREGADOR_PK">
<createdBy>ADMIN</createdBy>
<createdTime>2022-05-31 23:48:14 UTC</createdTime>
<generatorID>5BC9A30D-DBEA-E080-CAA3-D10DBBD9CADE</generatorID>
<ownerDesignName>Challenge_Ifood</ownerDesignName>
<pk>true</pk>
<indexState>Primary Constraint</indexState>
<isSurrogateKey>false</isSurrogateKey>
<indexColumnUsage>
<colUsage columnID="04D09D1E-EA0A-325D-100D-D093A18ED16E"/>
</indexColumnUsage>
</ind_PK_UK>
<ind_PK_UK id="5C71CE5C-F83C-61E7-F40A-7E918D7A6A31" name="T_ENTREGADOR__IDX">
<createdBy>ADMIN</createdBy>
<createdTime>2022-05-31 23:48:14 UTC</createdTime>
<ownerDesignName>Challenge_Ifood</ownerDesignName>
<indexState>Unique Plain Index</indexState>
<isSurrogateKey>false</isSurrogateKey>
<relationGeneratorID>0F7D3D4D-C5A9-F3D2-ACEE-7A5E8FBECE9F</relationGeneratorID>
<indexColumnUsage>
<colUsage columnID="0B619C4F-092A-6C69-B77F-48598DF11C75"/>
</indexColumnUsage>
</ind_PK_UK>
<ind_PK_UK id="980E44C7-F6D3-18A6-8248-F5B349B75565" name="T_ENTREGADOR_T_SEXO_FK">
<createdBy>ADMIN</createdBy>
<createdTime>2022-06-01 00:23:37 UTC</createdTime>
<generatorID>0F7D3D4D-C5A9-F3D2-ACEE-7A5E8FBECE9F</generatorID>
<ownerDesignName>Challenge_Ifood</ownerDesignName>
<indexState>Foreign Key</indexState>
<isSurrogateKey>false</isSurrogateKey>
<indexColumnUsage>
<colUsage columnID="5A92EEED-2E8A-3ABB-F030-7CE334156730"/>
</indexColumnUsage>
</ind_PK_UK>
</indexes>
</Table>