<?xml version = '1.0' encoding = 'UTF-8'?>
<Table class="oracle.dbtools.crest.model.design.relational.Table" directorySegmentName="seg_0" id="7B88C66C-0EE5-D701-C304-E48CA76F85C2" name="T_CLIENTE">
<createdBy>ADMIN</createdBy>
<createdTime>2022-05-31 23:48:14 UTC</createdTime>
<generatorID>4EAA93DA-1353-1ED4-9409-8E394E497E99</generatorID>
<ownerDesignName>Challenge_Ifood</ownerDesignName>
<allowColumnReorder>false</allowColumnReorder>
<existDependencyGenerateInDDl>true</existDependencyGenerateInDDl>
<parsed>true</parsed>
<columns itemClass="oracle.dbtools.crest.model.design.relational.Column">
<Column name="cd_cliente" id="A1921F28-6AE7-BA9D-0212-5EC5299195FB">
<createdBy>ADMIN</createdBy>
<createdTime>2022-05-31 23:48:14 UTC</createdTime>
<generatorID>37417A0C-0BBE-B837-E5D1-896973A48A64</generatorID>
<ownerDesignName>Challenge_Ifood</ownerDesignName>
<useDomainConstraints>false</useDomainConstraints>
<use>1</use>
<logicalDatatype>LOGDT019</logicalDatatype>
<ownDataTypeParameters>,,</ownDataTypeParameters>
<autoIncrementCycle>false</autoIncrementCycle>
</Column>
<Column name="cd_sexo" id="3D0489D8-0643-9CF4-B670-43A914C7FFA4">
<createdBy>ADMIN</createdBy>
<createdTime>2022-05-31 23:48:14 UTC</createdTime>
<generatorID>A6154332-80D1-1840-2440-9D20F8CAB578</generatorID>
<ownerDesignName>Challenge_Ifood</ownerDesignName>
<useDomainConstraints>false</useDomainConstraints>
<use>1</use>
<logicalDatatype>LOGDT025</logicalDatatype>
<ownDataTypeParameters>,,</ownDataTypeParameters>
<previousColumn>false</previousColumn>
<autoIncrementCycle>false</autoIncrementCycle>
</Column>
<Column name="T_CLI_ENDERECO_cd_endereco" id="ACD2E9AF-7D0D-491F-B84F-4088D8461D05">
<createdBy>ADMIN</createdBy>
<createdTime>2022-05-31 23:48:14 UTC</createdTime>
<generatorID>1B65A9EC-4211-6489-4352-58346D205B37</generatorID>
<ownerDesignName>Challenge_Ifood</ownerDesignName>
<useDomainConstraints>false</useDomainConstraints>
<use>1</use>
<logicalDatatype>LOGDT019</logicalDatatype>
<ownDataTypeParameters>,,</ownDataTypeParameters>
<previousColumn>false</previousColumn>
<autoIncrementCycle>false</autoIncrementCycle>
<associations>
<colAssociation fkAssociation="77E1CD2D-0C93-1386-C0ED-972DCF1328C4" referredColumn="B79A0D2F-B7FE-D005-74A1-55616A130CA1"/>
</associations>
</Column>
<Column name="ds_nome_cliente" id="2F918350-1FD9-6C49-2CA7-02C898F1D3BC">
<createdBy>ADMIN</createdBy>
<createdTime>2022-05-31 23:48:14 UTC</createdTime>
<generatorID>65E7AC9B-20D7-324E-88CB-554B6C816750</generatorID>
<ownerDesignName>Challenge_Ifood</ownerDesignName>
<useDomainConstraints>false</useDomainConstraints>
<use>1</use>
<logicalDatatype>LOGDT024</logicalDatatype>
<dataTypeSize>50</dataTypeSize>
<ownDataTypeParameters>50,,</ownDataTypeParameters>
<autoIncrementCycle>false</autoIncrementCycle>
</Column>
<Column name="ds_sobrenome_cliente" id="F3E35E0C-CE0E-AF0C-D9D6-DEA08BE899C6">
<createdBy>ADMIN</createdBy>
<createdTime>2022-05-31 23:48:14 UTC</createdTime>
<generatorID>B5502622-F842-7792-A898-7A3B46090941</generatorID>
<ownerDesignName>Challenge_Ifood</ownerDesignName>
<useDomainConstraints>false</useDomainConstraints>
<use>1</use>
<logicalDatatype>LOGDT024</logicalDatatype>
<dataTypeSize>50</dataTypeSize>
<ownDataTypeParameters>50,,</ownDataTypeParameters>
<autoIncrementCycle>false</autoIncrementCycle>
</Column>
<Column name="dt_nasc_cliente" id="4FEE3111-3437-5785-1BEB-2B98BE7F71C0">
<createdBy>ADMIN</createdBy>
<createdTime>2022-05-31 23:48:14 UTC</createdTime>
<generatorID>97C483ED-CFA7-286B-581E-D067605610BB</generatorID>
<ownerDesignName>Challenge_Ifood</ownerDesignName>
<useDomainConstraints>false</useDomainConstraints>
<use>1</use>
<logicalDatatype>LOGDT007</logicalDatatype>
<ownDataTypeParameters>,,</ownDataTypeParameters>
<autoIncrementCycle>false</autoIncrementCycle>
</Column>
<Column name="nr_cpf_cliente" id="5C0C9B34-6FB5-B16D-2BD5-757F0B594E5C">
<createdBy>ADMIN</createdBy>
<createdTime>2022-05-31 23:48:14 UTC</createdTime>
<generatorID>90BC356C-F113-C174-E0AA-40D5B1CC277C</generatorID>
<ownerDesignName>Challenge_Ifood</ownerDesignName>
<useDomainConstraints>false</useDomainConstraints>
<use>1</use>
<logicalDatatype>LOGDT019</logicalDatatype>
<dataTypePrecision>11</dataTypePrecision>
<ownDataTypeParameters>,11,</ownDataTypeParameters>
<autoIncrementCycle>false</autoIncrementCycle>
</Column>
<Column name="nr_rg_cliente" id="C650756E-7943-6A84-B98F-A1C426404512">
<createdBy>ADMIN</createdBy>
<createdTime>2022-05-31 23:48:14 UTC</createdTime>
<generatorID>74588BCD-6986-938F-10B7-301B1F1C2422</generatorID>
<ownerDesignName>Challenge_Ifood</ownerDesignName>
<useDomainConstraints>false</useDomainConstraints>
<use>1</use>
<logicalDatatype>LOGDT019</logicalDatatype>
<dataTypePrecision>9</dataTypePrecision>
<ownDataTypeParameters>,9,</ownDataTypeParameters>
<autoIncrementCycle>false</autoIncrementCycle>
</Column>
<Column name="T_SEXO_cd_sexo" id="A90BCCEA-39EE-A0E0-7209-0854B6F33DC5">
<createdBy>ADMIN</createdBy>
<createdTime>2022-06-01 00:37:03 UTC</createdTime>
<ownerDesignName>Challenge_Ifood</ownerDesignName>
<useDomainConstraints>false</useDomainConstraints>
<use>1</use>
<logicalDatatype>LOGDT019</logicalDatatype>
<ownDataTypeParameters>,,</ownDataTypeParameters>
<previousColumn>false</previousColumn>
<autoIncrementCycle>false</autoIncrementCycle>
<associations>
<colAssociation fkAssociation="07A4E1ED-06FF-78D8-E776-728E057D2ADE" referredColumn="526B6B41-5E42-6983-8A64-FEABA5F5FB41"/>
</associations>
</Column>
</columns>
<indexes itemClass="oracle.dbtools.crest.model.design.relational.Index">
<ind_PK_UK id="558B9061-ACC3-19B2-8793-B6B2670C093D" name="T_CLIENTE_PK">
<createdBy>ADMIN</createdBy>
<createdTime>2022-05-31 23:48:14 UTC</createdTime>
<generatorID>CE890775-9E38-82A2-EBC6-D71924A6B546</generatorID>
<ownerDesignName>Challenge_Ifood</ownerDesignName>
<pk>true</pk>
<indexState>Primary Constraint</indexState>
<isSurrogateKey>false</isSurrogateKey>
<indexColumnUsage>
<colUsage columnID="A1921F28-6AE7-BA9D-0212-5EC5299195FB"/>
</indexColumnUsage>
</ind_PK_UK>
<ind_PK_UK id="C3EA3654-7FCD-655A-5564-C1A2AEB383D3" name="T_CLIENTE__IDX">
<createdBy>ADMIN</createdBy>
<createdTime>2022-05-31 23:48:14 UTC</createdTime>
<ownerDesignName>Challenge_Ifood</ownerDesignName>
<indexState>Unique Plain Index</indexState>
<isSurrogateKey>false</isSurrogateKey>
<relationGeneratorID>DA78F3AC-AA34-007C-8CE0-73E7CC0F6017</relationGeneratorID>
<indexColumnUsage>
<colUsage columnID="ACD2E9AF-7D0D-491F-B84F-4088D8461D05"/>
</indexColumnUsage>
</ind_PK_UK>
<ind_PK_UK id="2803EA18-B939-3CB4-4FC8-545E848208B4" name="T_CLIENTE__IDXv1">
<createdBy>ADMIN</createdBy>
<createdTime>2022-05-31 23:48:14 UTC</createdTime>
<ownerDesignName>Challenge_Ifood</ownerDesignName>
<indexState>Unique Plain Index</indexState>
<isSurrogateKey>false</isSurrogateKey>
<relationGeneratorID>45EF5BA5-1DBC-5D71-592A-B9B82DDAB471</relationGeneratorID>
<indexColumnUsage>
<colUsage columnID="3D0489D8-0643-9CF4-B670-43A914C7FFA4"/>
</indexColumnUsage>
</ind_PK_UK>
<ind_PK_UK id="09736D11-A674-FE19-AAD4-5BDAAB6DFFEE" name="T_CLIENTE_T_CLI_ENDERECO_FK">
<createdBy>ADMIN</createdBy>
<createdTime>2022-06-01 00:23:37 UTC</createdTime>
<generatorID>DA78F3AC-AA34-007C-8CE0-73E7CC0F6017</generatorID>
<ownerDesignName>Challenge_Ifood</ownerDesignName>
<indexState>Foreign Key</indexState>
<isSurrogateKey>false</isSurrogateKey>
<indexColumnUsage>
<colUsage columnID="ACD2E9AF-7D0D-491F-B84F-4088D8461D05"/>
</indexColumnUsage>
</ind_PK_UK>
<ind_PK_UK id="3422688D-F846-9328-CD73-2BFFAEEFD98A" name="T_CLIENTE_T_SEXO_FK">
<createdBy>ADMIN</createdBy>
<createdTime>2022-06-01 00:23:37 UTC</createdTime>
<generatorID>45EF5BA5-1DBC-5D71-592A-B9B82DDAB471</generatorID>
<ownerDesignName>Challenge_Ifood</ownerDesignName>
<indexState>Foreign Key</indexState>
<isSurrogateKey>false</isSurrogateKey>
<indexColumnUsage>
<colUsage columnID="A90BCCEA-39EE-A0E0-7209-0854B6F33DC5"/>
</indexColumnUsage>
</ind_PK_UK>
</indexes>
</Table>