<?xml version = '1.0' encoding = 'UTF-8'?>
<Table class="oracle.dbtools.crest.model.design.relational.Table" directorySegmentName="seg_0" id="7DC8C808-9950-F38D-50F0-5CE9008A184C" name="T_STATUS_PEDIDO">
<createdBy>ADMIN</createdBy>
<createdTime>2022-05-31 23:48:14 UTC</createdTime>
<generatorID>59EAC144-3E1E-4FAD-CB0F-E2969427F803</generatorID>
<ownerDesignName>Challenge_Ifood</ownerDesignName>
<allowColumnReorder>false</allowColumnReorder>
<existDependencyGenerateInDDl>true</existDependencyGenerateInDDl>
<parsed>true</parsed>
<columns itemClass="oracle.dbtools.crest.model.design.relational.Column">
<Column name="cd_status" id="7D6E07CF-36E0-A25F-0E29-85F620E772EF">
<createdBy>ADMIN</createdBy>
<createdTime>2022-05-31 23:48:14 UTC</createdTime>
<generatorID>84B0C0D4-0AAC-7972-7A5F-8AA2972FC84D</generatorID>
<ownerDesignName>Challenge_Ifood</ownerDesignName>
<useDomainConstraints>false</useDomainConstraints>
<use>1</use>
<logicalDatatype>LOGDT019</logicalDatatype>
<ownDataTypeParameters>,,</ownDataTypeParameters>
<autoIncrementCycle>false</autoIncrementCycle>
</Column>
<Column name="T_PEDIDO_cd_pedido" id="B07FEB19-636E-F584-4E69-CF8E8ACE693F">
<createdBy>ADMIN</createdBy>
<createdTime>2022-05-31 23:48:14 UTC</createdTime>
<generatorID>5BE1AABC-DC75-88A1-C376-F6B82CC610A6</generatorID>
<ownerDesignName>Challenge_Ifood</ownerDesignName>
<useDomainConstraints>false</useDomainConstraints>
<use>1</use>
<logicalDatatype>LOGDT019</logicalDatatype>
<ownDataTypeParameters>,,</ownDataTypeParameters>
<previousColumn>false</previousColumn>
<autoIncrementCycle>false</autoIncrementCycle>
<associations>
<colAssociation fkAssociation="F5A567B3-B842-0DF3-D503-E2E50770F9A4" referredColumn="6ACB6482-DF7A-BC37-B5DF-665262A1B12A"/>
</associations>
</Column>
<Column name="ds_status" id="B1E46A95-5F16-54DC-EF62-3951A021F6F9">
<createdBy>ADMIN</createdBy>
<createdTime>2022-05-31 23:48:14 UTC</createdTime>
<generatorID>0461A1E0-9B81-9DE7-DD94-3FF3E92D7AD2</generatorID>
<ownerDesignName>Challenge_Ifood</ownerDesignName>
<useDomainConstraints>false</useDomainConstraints>
<use>1</use>
<logicalDatatype>LOGDT024</logicalDatatype>
<dataTypeSize>30</dataTypeSize>
<ownDataTypeParameters>30,,</ownDataTypeParameters>
<autoIncrementCycle>false</autoIncrementCycle>
</Column>
<Column name="T_PEDIDO_T_CLIENTE_cd_cliente" id="992A1FDF-41F2-2DDA-B579-41BECE00ADE7">
<createdBy>ADMIN</createdBy>
<createdTime>2022-06-01 00:11:38 UTC</createdTime>
<ownerDesignName>Challenge_Ifood</ownerDesignName>
<useDomainConstraints>false</useDomainConstraints>
<use>1</use>
<logicalDatatype>LOGDT019</logicalDatatype>
<ownDataTypeParameters>,,</ownDataTypeParameters>
<previousColumn>false</previousColumn>
<autoIncrementCycle>false</autoIncrementCycle>
</Column>
</columns>
<indexes itemClass="oracle.dbtools.crest.model.design.relational.Index">
<ind_PK_UK id="235FA1ED-83CE-8B42-DC62-C94155F6250D" name="T_STATUS_PEDIDO_PK">
<createdBy>ADMIN</createdBy>
<createdTime>2022-05-31 23:48:14 UTC</createdTime>
<generatorID>707ABBFA-4941-A979-5E04-8ADC887F88E3</generatorID>
<ownerDesignName>Challenge_Ifood</ownerDesignName>
<pk>true</pk>
<indexState>Primary Constraint</indexState>
<isSurrogateKey>false</isSurrogateKey>
<indexColumnUsage>
<colUsage columnID="7D6E07CF-36E0-A25F-0E29-85F620E772EF"/>
</indexColumnUsage>
</ind_PK_UK>
<ind_PK_UK id="B427CB42-931E-4C3B-7113-DFD8C9E429E1" name="T_STATUS_PEDIDO__IDX">
<createdBy>ADMIN</createdBy>
<createdTime>2022-05-31 23:48:14 UTC</createdTime>
<ownerDesignName>Challenge_Ifood</ownerDesignName>
<indexState>Unique Plain Index</indexState>
<isSurrogateKey>false</isSurrogateKey>
<relationGeneratorID>8DC48BA4-5926-8DA4-D705-B389325AB90C</relationGeneratorID>
<indexColumnUsage>
<colUsage columnID="B07FEB19-636E-F584-4E69-CF8E8ACE693F"/>
</indexColumnUsage>
</ind_PK_UK>
<ind_PK_UK id="30DABCF0-5F44-1DA6-231B-B4212DF380F3" name="T_STATUS_PEDIDO__IDXv1">
<createdBy>ADMIN</createdBy>
<createdTime>2022-06-01 00:11:38 UTC</createdTime>
<ownerDesignName>Challenge_Ifood</ownerDesignName>
<indexState>Unique Plain Index</indexState>
<isSurrogateKey>false</isSurrogateKey>
<relationGeneratorID>8DC48BA4-5926-8DA4-D705-B389325AB90C</relationGeneratorID>
<indexColumnUsage>
<colUsage columnID="B07FEB19-636E-F584-4E69-CF8E8ACE693F"/>
<colUsage columnID="992A1FDF-41F2-2DDA-B579-41BECE00ADE7"/>
</indexColumnUsage>
</ind_PK_UK>
<ind_PK_UK id="5491A3F1-AC61-2033-632B-32B473C9CC0B" name="T_STATUS_PEDIDO_T_PEDIDO_FK">
<createdBy>ADMIN</createdBy>
<createdTime>2022-06-01 00:23:37 UTC</createdTime>
<generatorID>8DC48BA4-5926-8DA4-D705-B389325AB90C</generatorID>
<ownerDesignName>Challenge_Ifood</ownerDesignName>
<indexState>Foreign Key</indexState>
<isSurrogateKey>false</isSurrogateKey>
<indexColumnUsage>
<colUsage columnID="B07FEB19-636E-F584-4E69-CF8E8ACE693F"/>
</indexColumnUsage>
</ind_PK_UK>
</indexes>
</Table>