<?xml version = '1.0' encoding = 'UTF-8'?>
<Table class="oracle.dbtools.crest.model.design.relational.Table" directorySegmentName="seg_0" id="7F7C2E62-9F85-FAF6-858B-5DB80C2D3F52" name="T_METODO_PAGAMENTO">
<createdBy>ADMIN</createdBy>
<createdTime>2022-05-31 23:48:14 UTC</createdTime>
<generatorID>9FA3931A-26DE-F58C-2C7D-849435F54723</generatorID>
<ownerDesignName>Challenge_Ifood</ownerDesignName>
<allowColumnReorder>false</allowColumnReorder>
<existDependencyGenerateInDDl>true</existDependencyGenerateInDDl>
<parsed>true</parsed>
<columns itemClass="oracle.dbtools.crest.model.design.relational.Column">
<Column name="cd_pagamento" id="A4DCDB40-A092-CF37-BE79-53BB40C6C9A3">
<createdBy>ADMIN</createdBy>
<createdTime>2022-05-31 23:48:14 UTC</createdTime>
<generatorID>75B9DD80-BB0E-F947-21EC-50FEC8B9E210</generatorID>
<ownerDesignName>Challenge_Ifood</ownerDesignName>
<useDomainConstraints>false</useDomainConstraints>
<use>1</use>
<logicalDatatype>LOGDT019</logicalDatatype>
<ownDataTypeParameters>,,</ownDataTypeParameters>
<autoIncrementCycle>false</autoIncrementCycle>
</Column>
<Column name="T_CLIENTE_cd_cliente" id="7EC76891-584C-9BC2-8C28-2B58966D38CF">
<createdBy>ADMIN</createdBy>
<createdTime>2022-05-31 23:48:14 UTC</createdTime>
<generatorID>6C40C577-601C-B630-CF2B-2D5A41494512</generatorID>
<ownerDesignName>Challenge_Ifood</ownerDesignName>
<useDomainConstraints>false</useDomainConstraints>
<use>1</use>
<logicalDatatype>LOGDT019</logicalDatatype>
<ownDataTypeParameters>,,</ownDataTypeParameters>
<previousColumn>false</previousColumn>
<autoIncrementCycle>false</autoIncrementCycle>
<associations>
<colAssociation fkAssociation="0ED57336-5753-949D-3F50-6A9680E06498" referredColumn="A1921F28-6AE7-BA9D-0212-5EC5299195FB"/>
</associations>
</Column>
<Column name="ds_metodo_pagamento" id="1D91A778-D12A-4088-8593-69BBA6CA6796">
<createdBy>ADMIN</createdBy>
<createdTime>2022-05-31 23:48:14 UTC</createdTime>
<generatorID>A2E82FA2-7F0B-ED6B-6F2B-9AC142DE4495</generatorID>
<ownerDesignName>Challenge_Ifood</ownerDesignName>
<useDomainConstraints>false</useDomainConstraints>
<use>1</use>
<logicalDatatype>LOGDT024</logicalDatatype>
<dataTypeSize>10</dataTypeSize>
<ownDataTypeParameters>10,,</ownDataTypeParameters>
<autoIncrementCycle>false</autoIncrementCycle>
</Column>
<Column name="ds_bandeira_cartao" id="D1D00BB0-3ACF-FA8A-C204-4C16B1CF9D15">
<createdBy>ADMIN</createdBy>
<createdTime>2022-05-31 23:48:14 UTC</createdTime>
<generatorID>0A460A46-369E-11E7-A92F-CCEDB36970FF</generatorID>
<ownerDesignName>Challenge_Ifood</ownerDesignName>
<useDomainConstraints>false</useDomainConstraints>
<use>1</use>
<logicalDatatype>LOGDT024</logicalDatatype>
<dataTypeSize>20</dataTypeSize>
<ownDataTypeParameters>20,,</ownDataTypeParameters>
<autoIncrementCycle>false</autoIncrementCycle>
</Column>
</columns>
<indexes itemClass="oracle.dbtools.crest.model.design.relational.Index">
<ind_PK_UK id="519F3C12-361A-490A-D874-45DEE6C15E32" name="T_METODO_PAGAMENTO_PK">
<createdBy>ADMIN</createdBy>
<createdTime>2022-05-31 23:48:14 UTC</createdTime>
<generatorID>AFB81E0A-432B-34CC-DA53-7F21D95CDCE0</generatorID>
<ownerDesignName>Challenge_Ifood</ownerDesignName>
<pk>true</pk>
<indexState>Primary Constraint</indexState>
<isSurrogateKey>false</isSurrogateKey>
<indexColumnUsage>
<colUsage columnID="A4DCDB40-A092-CF37-BE79-53BB40C6C9A3"/>
<colUsage columnID="7EC76891-584C-9BC2-8C28-2B58966D38CF"/>
</indexColumnUsage>
</ind_PK_UK>
<ind_PK_UK id="CAA0AAE7-F604-4C24-9365-42468D1D568A" name="T_CLIENTE_FK">
<createdBy>ADMIN</createdBy>
<createdTime>2022-05-31 23:48:14 UTC</createdTime>
<generatorID>3C8C94FE-C400-A2A4-1E0F-ABE18B6B1568</generatorID>
<ownerDesignName>Challenge_Ifood</ownerDesignName>
<indexState>Foreign Key</indexState>
<isSurrogateKey>false</isSurrogateKey>
<indexColumnUsage>
<colUsage columnID="7EC76891-584C-9BC2-8C28-2B58966D38CF"/>
</indexColumnUsage>
</ind_PK_UK>
</indexes>
</Table>