<?xml version = '1.0' encoding = 'UTF-8'?>
<Table class="oracle.dbtools.crest.model.design.relational.Table" directorySegmentName="seg_0" id="F5851277-53CA-90F8-9996-96550824AC1C" name="T_SEXO">
<createdBy>ADMIN</createdBy>
<createdTime>2022-05-31 23:48:14 UTC</createdTime>
<generatorID>8232D438-6770-F03A-F0A2-A0A60E377038</generatorID>
<ownerDesignName>Challenge_Ifood</ownerDesignName>
<allowColumnReorder>false</allowColumnReorder>
<existDependencyGenerateInDDl>true</existDependencyGenerateInDDl>
<parsed>true</parsed>
<columns itemClass="oracle.dbtools.crest.model.design.relational.Column">
<Column name="cd_sexo" id="526B6B41-5E42-6983-8A64-FEABA5F5FB41">
<createdBy>ADMIN</createdBy>
<createdTime>2022-06-01 00:37:03 UTC</createdTime>
<ownerDesignName>Challenge_Ifood</ownerDesignName>
<useDomainConstraints>false</useDomainConstraints>
<use>1</use>
<logicalDatatype>LOGDT019</logicalDatatype>
<ownDataTypeParameters>,,</ownDataTypeParameters>
<autoIncrementCycle>false</autoIncrementCycle>
</Column>
<Column name="cd_entregador" id="68445A6F-6A4F-E607-568F-9AE181F6A112">
<createdBy>ADMIN</createdBy>
<createdTime>2022-05-31 23:48:14 UTC</createdTime>
<generatorID>E751DACD-18BA-5FC5-6559-BBDD2BA4E325</generatorID>
<ownerDesignName>Challenge_Ifood</ownerDesignName>
<useDomainConstraints>false</useDomainConstraints>
<use>1</use>
<logicalDatatype>LOGDT019</logicalDatatype>
<ownDataTypeParameters>,,</ownDataTypeParameters>
<previousColumn>false</previousColumn>
<autoIncrementCycle>false</autoIncrementCycle>
<associations>
<colAssociation fkAssociation="22B2C846-5750-97D2-E7B1-760DEC011A40" referredColumn="04D09D1E-EA0A-325D-100D-D093A18ED16E"/>
</associations>
</Column>
<Column name="ds_sexo" id="DDFF6623-E790-2799-F115-47B3AC303E16">
<createdBy>ADMIN</createdBy>
<createdTime>2022-05-31 23:48:14 UTC</createdTime>
<generatorID>BEC555B4-22B9-7975-EF50-6D4DBA4F1B20</generatorID>
<ownerDesignName>Challenge_Ifood</ownerDesignName>
<useDomainConstraints>false</useDomainConstraints>
<use>1</use>
<logicalDatatype>LOGDT024</logicalDatatype>
<dataTypeSize>9</dataTypeSize>
<ownDataTypeParameters>9,,</ownDataTypeParameters>
<autoIncrementCycle>false</autoIncrementCycle>
</Column>
<Column name="cd_cliente" id="72CE11D6-B569-D11C-A5BD-DBCDB6EC0875">
<createdBy>ADMIN</createdBy>
<createdTime>2022-05-31 23:48:14 UTC</createdTime>
<generatorID>A4C482B4-8BC9-E873-BEF3-51556C4FBCB3</generatorID>
<ownerDesignName>Challenge_Ifood</ownerDesignName>
<useDomainConstraints>false</useDomainConstraints>
<use>1</use>
<logicalDatatype>LOGDT019</logicalDatatype>
<ownDataTypeParameters>,,</ownDataTypeParameters>
<previousColumn>false</previousColumn>
<autoIncrementCycle>false</autoIncrementCycle>
<associations>
<colAssociation fkAssociation="886F0831-EFF3-8182-8BE5-29C69DCD6BCF" referredColumn="A1921F28-6AE7-BA9D-0212-5EC5299195FB"/>
</associations>
</Column>
</columns>
<indexes itemClass="oracle.dbtools.crest.model.design.relational.Index">
<ind_PK_UK id="73855DB7-4E78-D932-C395-742F2905392F" name="T_SEXO_PK">
<createdBy>ADMIN</createdBy>
<createdTime>2022-05-31 23:48:14 UTC</createdTime>
<generatorID>0E66B63F-ADFC-F39E-5B32-30E8F3E8FB83</generatorID>
<ownerDesignName>Challenge_Ifood</ownerDesignName>
<pk>true</pk>
<indexState>Primary Constraint</indexState>
<isSurrogateKey>false</isSurrogateKey>
<indexColumnUsage>
<colUsage columnID="526B6B41-5E42-6983-8A64-FEABA5F5FB41"/>
</indexColumnUsage>
</ind_PK_UK>
<ind_PK_UK id="E0E7F91F-FF4D-8000-B1BE-880838794137" name="T_SEXO__IDX">
<createdBy>ADMIN</createdBy>
<createdTime>2022-05-31 23:48:14 UTC</createdTime>
<ownerDesignName>Challenge_Ifood</ownerDesignName>
<indexState>Unique Plain Index</indexState>
<isSurrogateKey>false</isSurrogateKey>
<relationGeneratorID>0F7D3D4D-C5A9-F3D2-ACEE-7A5E8FBECE9F</relationGeneratorID>
<indexColumnUsage>
<colUsage columnID="68445A6F-6A4F-E607-568F-9AE181F6A112"/>
</indexColumnUsage>
</ind_PK_UK>
<ind_PK_UK id="86E31598-05AA-5757-6F1C-9F8911928D64" name="T_SEXO__IDXv1">
<createdBy>ADMIN</createdBy>
<createdTime>2022-05-31 23:48:14 UTC</createdTime>
<ownerDesignName>Challenge_Ifood</ownerDesignName>
<indexState>Unique Plain Index</indexState>
<isSurrogateKey>false</isSurrogateKey>
<relationGeneratorID>45EF5BA5-1DBC-5D71-592A-B9B82DDAB471</relationGeneratorID>
<indexColumnUsage>
<colUsage columnID="72CE11D6-B569-D11C-A5BD-DBCDB6EC0875"/>
</indexColumnUsage>
</ind_PK_UK>
<ind_PK_UK id="F1F5DA2A-ADA5-9B97-21B0-EE8D9D1F9F33" name="T_SEXO_T_ENTREGADOR_FK">
<createdBy>ADMIN</createdBy>
<createdTime>2022-06-01 00:23:37 UTC</createdTime>
<generatorID>0F7D3D4D-C5A9-F3D2-ACEE-7A5E8FBECE9F</generatorID>
<ownerDesignName>Challenge_Ifood</ownerDesignName>
<indexState>Foreign Key</indexState>
<isSurrogateKey>false</isSurrogateKey>
<indexColumnUsage>
<colUsage columnID="68445A6F-6A4F-E607-568F-9AE181F6A112"/>
</indexColumnUsage>
</ind_PK_UK>
<ind_PK_UK id="F3EEC896-5B18-C4E8-5587-032701FCC8D0" name="T_SEXO_T_CLIENTE_FK">
<createdBy>ADMIN</createdBy>
<createdTime>2022-06-01 00:23:37 UTC</createdTime>
<generatorID>45EF5BA5-1DBC-5D71-592A-B9B82DDAB471</generatorID>
<ownerDesignName>Challenge_Ifood</ownerDesignName>
<indexState>Foreign Key</indexState>
<isSurrogateKey>false</isSurrogateKey>
<indexColumnUsage>
<colUsage columnID="72CE11D6-B569-D11C-A5BD-DBCDB6EC0875"/>
</indexColumnUsage>
</ind_PK_UK>
</indexes>
</Table>