<?xml version = '1.0' encoding = 'UTF-8'?>
<FKIndexAssociation class="oracle.dbtools.crest.model.design.relational.FKIndexAssociation" directorySegmentName="seg_0" id="07A4E1ED-06FF-78D8-E776-728E057D2ADE" containerWithKeyObject="7B88C66C-0EE5-D701-C304-E48CA76F85C2" localFKIndex="3422688D-F846-9328-CD73-2BFFAEEFD98A" name="T_CLIENTE_T_SEXO_FK">
<createdBy>ADMIN</createdBy>
<createdTime>2022-06-01 00:23:37 UTC</createdTime>
<generatorID>45EF5BA5-1DBC-5D71-592A-B9B82DDAB471</generatorID>
<ownerDesignName>Challenge_Ifood</ownerDesignName>
<referredTableLongName>T_SEXO</referredTableLongName>
<deleteRule>NO ACTION</deleteRule>
<referredTableID>F5851277-53CA-90F8-9996-96550824AC1C</referredTableID>
<keyObject>73855DB7-4E78-D932-C395-742F2905392F</keyObject>
<referredKeyID>73855DB7-4E78-D932-C395-742F2905392F</referredKeyID>
<mandatory>true</mandatory>
<refColNames>cd_sexo</refColNames>
<transferable>true</transferable>
<rely>false</rely>
<columnDependencyConstraintGenerateInDDL>true</columnDependencyConstraintGenerateInDDL>
</FKIndexAssociation>