<?xml version = '1.0' encoding = 'UTF-8'?>
<FKIndexAssociation class="oracle.dbtools.crest.model.design.relational.FKIndexAssociation" directorySegmentName="seg_0" id="0ED57336-5753-949D-3F50-6A9680E06498" containerWithKeyObject="7F7C2E62-9F85-FAF6-858B-5DB80C2D3F52" localFKIndex="CAA0AAE7-F604-4C24-9365-42468D1D568A" name="T_CLIENTE_FK">
<createdBy>ADMIN</createdBy>
<createdTime>2022-05-31 23:48:14 UTC</createdTime>
<generatorID>3C8C94FE-C400-A2A4-1E0F-ABE18B6B1568</generatorID>
<ownerDesignName>Challenge_Ifood</ownerDesignName>
<referredTableLongName>T_CLIENTE</referredTableLongName>
<deleteRule>NO ACTION</deleteRule>
<referredTableID>7B88C66C-0EE5-D701-C304-E48CA76F85C2</referredTableID>
<keyObject>558B9061-ACC3-19B2-8793-B6B2670C093D</keyObject>
<referredKeyID>558B9061-ACC3-19B2-8793-B6B2670C093D</referredKeyID>
<mandatory>true</mandatory>
<refColNames>cd_cliente</refColNames>
<transferable>true</transferable>
<rely>false</rely>
<columnDependencyConstraintGenerateInDDL>true</columnDependencyConstraintGenerateInDDL>
</FKIndexAssociation>