<?xml version = '1.0' encoding = 'UTF-8'?>
<FKIndexAssociation class="oracle.dbtools.crest.model.design.relational.FKIndexAssociation" directorySegmentName="seg_0" id="10DFA7E4-0E6F-AE9A-577D-D1B8964F455F" containerWithKeyObject="53A86DFE-A26C-7CDD-8726-3F65498F740B" localFKIndex="07126285-3FA5-EAB9-6875-739B39EC837D" name="T_TIPO_FONE_T_TELEFONE_FK">
<createdBy>ADMIN</createdBy>
<createdTime>2022-06-01 00:23:37 UTC</createdTime>
<generatorID>1484DEB8-BD7D-E129-3F95-8A27437CA5E2</generatorID>
<ownerDesignName>Challenge_Ifood</ownerDesignName>
<referredTableLongName>T_TELEFONE</referredTableLongName>
<deleteRule>NO ACTION</deleteRule>
<referredTableID>2186645A-3117-B296-A334-60C19D120C70</referredTableID>
<keyObject>F6D0E767-EC69-0000-7666-24B6045D9C08</keyObject>
<referredKeyID>F6D0E767-EC69-0000-7666-24B6045D9C08</referredKeyID>
<mandatory>true</mandatory>
<refColNames>nr_fone_completo,T_CLIENTE_cd_cliente</refColNames>
<transferable>true</transferable>
<rely>false</rely>
<columnDependencyConstraintGenerateInDDL>true</columnDependencyConstraintGenerateInDDL>
</FKIndexAssociation>