<?xml version = '1.0' encoding = 'UTF-8'?>
<FKIndexAssociation class="oracle.dbtools.crest.model.design.relational.FKIndexAssociation" directorySegmentName="seg_0" id="156AAC47-107E-16F8-A714-399EDBF061A9" containerWithKeyObject="540590CF-E5AC-0C47-0252-ECB27F6A31A7" localFKIndex="62F2C70C-3E1D-3B98-1177-C9D2191BD25D" name="T_PEDIDO_T_CLIENTE_FK">
<createdBy>ADMIN</createdBy>
<createdTime>2022-05-31 23:48:14 UTC</createdTime>
<generatorID>0E1726A4-D712-7AAE-4F58-C6B51EE5F5E3</generatorID>
<ownerDesignName>Challenge_Ifood</ownerDesignName>
<referredTableLongName>T_CLIENTE</referredTableLongName>
<deleteRule>NO ACTION</deleteRule>
<referredTableID>7B88C66C-0EE5-D701-C304-E48CA76F85C2</referredTableID>
<keyObject>558B9061-ACC3-19B2-8793-B6B2670C093D</keyObject>
<referredKeyID>558B9061-ACC3-19B2-8793-B6B2670C093D</referredKeyID>
<mandatory>true</mandatory>
<refColNames>cd_cliente</refColNames>
<transferable>true</transferable>
<rely>false</rely>
<columnDependencyConstraintGenerateInDDL>true</columnDependencyConstraintGenerateInDDL>
</FKIndexAssociation>