<?xml version = '1.0' encoding = 'UTF-8'?>
<FKIndexAssociation class="oracle.dbtools.crest.model.design.relational.FKIndexAssociation" directorySegmentName="seg_0" id="22B2C846-5750-97D2-E7B1-760DEC011A40" containerWithKeyObject="F5851277-53CA-90F8-9996-96550824AC1C" localFKIndex="F1F5DA2A-ADA5-9B97-21B0-EE8D9D1F9F33" name="T_SEXO_T_ENTREGADOR_FK">
<createdBy>ADMIN</createdBy>
<createdTime>2022-06-01 00:23:37 UTC</createdTime>
<generatorID>0F7D3D4D-C5A9-F3D2-ACEE-7A5E8FBECE9F</generatorID>
<ownerDesignName>Challenge_Ifood</ownerDesignName>
<referredTableLongName>T_ENTREGADOR</referredTableLongName>
<deleteRule>NO ACTION</deleteRule>
<referredTableID>721F8C23-F2DE-149E-B30C-4C004CC611C2</referredTableID>
<keyObject>984D09C4-FA33-59F2-A3C7-ED0AB997CF9D</keyObject>
<referredKeyID>984D09C4-FA33-59F2-A3C7-ED0AB997CF9D</referredKeyID>
<mandatory>true</mandatory>
<refColNames>cd_entregador</refColNames>
<transferable>true</transferable>
<rely>false</rely>
<columnDependencyConstraintGenerateInDDL>true</columnDependencyConstraintGenerateInDDL>
</FKIndexAssociation>