<?xml version = '1.0' encoding = 'UTF-8'?>
<FKIndexAssociation class="oracle.dbtools.crest.model.design.relational.FKIndexAssociation" directorySegmentName="seg_0" id="43CFFDA3-6D05-94A9-DBB1-277F6D75616C" containerWithKeyObject="540590CF-E5AC-0C47-0252-ECB27F6A31A7" localFKIndex="6FC19EA7-783D-DBFC-3DD6-902D78D00542" name="T_PEDIDO_T_ENTREGADOR_FK">
<createdBy>ADMIN</createdBy>
<createdTime>2022-05-31 23:48:14 UTC</createdTime>
<generatorID>7F28170E-A3CB-ADBF-D1DB-AB618F1C3E5F</generatorID>
<ownerDesignName>Challenge_Ifood</ownerDesignName>
<referredTableLongName>T_ENTREGADOR</referredTableLongName>
<deleteRule>NO ACTION</deleteRule>
<referredTableID>721F8C23-F2DE-149E-B30C-4C004CC611C2</referredTableID>
<keyObject>984D09C4-FA33-59F2-A3C7-ED0AB997CF9D</keyObject>
<referredKeyID>984D09C4-FA33-59F2-A3C7-ED0AB997CF9D</referredKeyID>
<mandatory>true</mandatory>
<refColNames>cd_entregador</refColNames>
<transferable>true</transferable>
<rely>false</rely>
<columnDependencyConstraintGenerateInDDL>true</columnDependencyConstraintGenerateInDDL>
</FKIndexAssociation>