<?xml version = '1.0' encoding = 'UTF-8'?>
<FKIndexAssociation class="oracle.dbtools.crest.model.design.relational.FKIndexAssociation" directorySegmentName="seg_0" id="61390E7F-089F-0949-9A37-9174B2345992" containerWithKeyObject="2186645A-3117-B296-A334-60C19D120C70" localFKIndex="051DFE00-0F77-A445-FDD1-3A88D4BF425A" name="T_ESTABELECIMENTO_FK">
<createdBy>ADMIN</createdBy>
<createdTime>2022-05-31 23:48:14 UTC</createdTime>
<generatorID>54286EA7-C548-32A2-5479-D22BA99684FF</generatorID>
<ownerDesignName>Challenge_Ifood</ownerDesignName>
<referredTableLongName>T_ESTABELECIMENTO</referredTableLongName>
<deleteRule>NO ACTION</deleteRule>
<referredTableID>1D317BAA-16A7-2CB2-7EDC-64053C534968</referredTableID>
<keyObject>3B6A1268-CE9B-4733-3FC3-1B7CBB5C2772</keyObject>
<referredKeyID>3B6A1268-CE9B-4733-3FC3-1B7CBB5C2772</referredKeyID>
<mandatory>true</mandatory>
<refColNames>nr_cnpj</refColNames>
<transferable>true</transferable>
<rely>false</rely>
<columnDependencyConstraintGenerateInDDL>true</columnDependencyConstraintGenerateInDDL>
</FKIndexAssociation>