<?xml version = '1.0' encoding = 'UTF-8'?>
<FKIndexAssociation class="oracle.dbtools.crest.model.design.relational.FKIndexAssociation" directorySegmentName="seg_0" id="703053AE-9D02-E078-3AC1-84F1B450A4EB" containerWithKeyObject="540590CF-E5AC-0C47-0252-ECB27F6A31A7" localFKIndex="81FF8FF6-B0E9-3BA6-F553-0FCFB1CCC292" name="T_PEDIDO_T_ESTABELECIMENTO_FK">
<createdBy>ADMIN</createdBy>
<createdTime>2022-05-31 23:48:14 UTC</createdTime>
<generatorID>78BE8E57-19E6-D6D7-6F9D-5BAE1CDDA755</generatorID>
<ownerDesignName>Challenge_Ifood</ownerDesignName>
<referredTableLongName>T_ESTABELECIMENTO</referredTableLongName>
<deleteRule>NO ACTION</deleteRule>
<referredTableID>1D317BAA-16A7-2CB2-7EDC-64053C534968</referredTableID>
<keyObject>3B6A1268-CE9B-4733-3FC3-1B7CBB5C2772</keyObject>
<referredKeyID>3B6A1268-CE9B-4733-3FC3-1B7CBB5C2772</referredKeyID>
<mandatory>true</mandatory>
<refColNames>nr_cnpj</refColNames>
<transferable>true</transferable>
<rely>false</rely>
<columnDependencyConstraintGenerateInDDL>true</columnDependencyConstraintGenerateInDDL>
</FKIndexAssociation>