<?xml version = '1.0' encoding = 'UTF-8'?>
<FKIndexAssociation class="oracle.dbtools.crest.model.design.relational.FKIndexAssociation" directorySegmentName="seg_0" id="72C2DF66-F1B1-714B-362A-3E9770108D28" containerWithKeyObject="2186645A-3117-B296-A334-60C19D120C70" localFKIndex="5996C064-90C9-F754-A285-B996F2F01793" name="T_TELEFONE_T_CLIENTE_FK">
<createdBy>ADMIN</createdBy>
<createdTime>2022-05-31 23:48:14 UTC</createdTime>
<generatorID>512B9D09-EDDB-891E-4368-FD7876091975</generatorID>
<ownerDesignName>Challenge_Ifood</ownerDesignName>
<referredTableLongName>T_CLIENTE</referredTableLongName>
<deleteRule>NO ACTION</deleteRule>
<referredTableID>7B88C66C-0EE5-D701-C304-E48CA76F85C2</referredTableID>
<keyObject>558B9061-ACC3-19B2-8793-B6B2670C093D</keyObject>
<referredKeyID>558B9061-ACC3-19B2-8793-B6B2670C093D</referredKeyID>
<mandatory>true</mandatory>
<refColNames>cd_cliente</refColNames>
<transferable>true</transferable>
<rely>false</rely>
<columnDependencyConstraintGenerateInDDL>true</columnDependencyConstraintGenerateInDDL>
</FKIndexAssociation>