<?xml version = '1.0' encoding = 'UTF-8'?>
<FKIndexAssociation class="oracle.dbtools.crest.model.design.relational.FKIndexAssociation" directorySegmentName="seg_0" id="77E1CD2D-0C93-1386-C0ED-972DCF1328C4" containerWithKeyObject="7B88C66C-0EE5-D701-C304-E48CA76F85C2" localFKIndex="09736D11-A674-FE19-AAD4-5BDAAB6DFFEE" name="T_CLIENTE_T_CLI_ENDERECO_FK">
<createdBy>ADMIN</createdBy>
<createdTime>2022-06-01 00:23:37 UTC</createdTime>
<generatorID>DA78F3AC-AA34-007C-8CE0-73E7CC0F6017</generatorID>
<ownerDesignName>Challenge_Ifood</ownerDesignName>
<referredTableLongName>T_CLI_ENDERECO</referredTableLongName>
<deleteRule>NO ACTION</deleteRule>
<referredTableID>AD76EFDF-79ED-FDF2-3CD7-EF0DDDD383D8</referredTableID>
<keyObject>74D6BB45-3CBA-ED66-AF46-1911BE200FEB</keyObject>
<referredKeyID>74D6BB45-3CBA-ED66-AF46-1911BE200FEB</referredKeyID>
<mandatory>true</mandatory>
<refColNames>cd_endereco</refColNames>
<transferable>true</transferable>
<rely>false</rely>
<columnDependencyConstraintGenerateInDDL>true</columnDependencyConstraintGenerateInDDL>
</FKIndexAssociation>