<?xml version = '1.0' encoding = 'UTF-8'?>
<FKIndexAssociation class="oracle.dbtools.crest.model.design.relational.FKIndexAssociation" directorySegmentName="seg_0" id="7862BA57-6D7C-06BF-D105-2A1F7829F09F" containerWithKeyObject="2186645A-3117-B296-A334-60C19D120C70" localFKIndex="D0DC6419-AEFE-EE83-7B1D-F98516E2465E" name="T_TELEFONE_T_TIPO_FONE_FK">
<createdBy>ADMIN</createdBy>
<createdTime>2022-06-01 00:23:37 UTC</createdTime>
<generatorID>1484DEB8-BD7D-E129-3F95-8A27437CA5E2</generatorID>
<ownerDesignName>Challenge_Ifood</ownerDesignName>
<referredTableLongName>T_TIPO_FONE</referredTableLongName>
<deleteRule>NO ACTION</deleteRule>
<referredTableID>53A86DFE-A26C-7CDD-8726-3F65498F740B</referredTableID>
<keyObject>A0917AC7-8392-A503-91E6-20AAF99873C2</keyObject>
<referredKeyID>A0917AC7-8392-A503-91E6-20AAF99873C2</referredKeyID>
<mandatory>true</mandatory>
<refColNames>cd_tipo_fone</refColNames>
<transferable>true</transferable>
<rely>false</rely>
<columnDependencyConstraintGenerateInDDL>true</columnDependencyConstraintGenerateInDDL>
</FKIndexAssociation>