<?xml version = '1.0' encoding = 'UTF-8'?>
<FKIndexAssociation class="oracle.dbtools.crest.model.design.relational.FKIndexAssociation" directorySegmentName="seg_0" id="886F0831-EFF3-8182-8BE5-29C69DCD6BCF" containerWithKeyObject="F5851277-53CA-90F8-9996-96550824AC1C" localFKIndex="F3EEC896-5B18-C4E8-5587-032701FCC8D0" name="T_SEXO_T_CLIENTE_FK">
<createdBy>ADMIN</createdBy>
<createdTime>2022-06-01 00:23:37 UTC</createdTime>
<generatorID>45EF5BA5-1DBC-5D71-592A-B9B82DDAB471</generatorID>
<ownerDesignName>Challenge_Ifood</ownerDesignName>
<referredTableLongName>T_CLIENTE</referredTableLongName>
<deleteRule>NO ACTION</deleteRule>
<referredTableID>7B88C66C-0EE5-D701-C304-E48CA76F85C2</referredTableID>
<keyObject>558B9061-ACC3-19B2-8793-B6B2670C093D</keyObject>
<referredKeyID>558B9061-ACC3-19B2-8793-B6B2670C093D</referredKeyID>
<mandatory>true</mandatory>
<refColNames>cd_cliente</refColNames>
<transferable>true</transferable>
<rely>false</rely>
<columnDependencyConstraintGenerateInDDL>true</columnDependencyConstraintGenerateInDDL>
</FKIndexAssociation>