<?xml version = '1.0' encoding = 'UTF-8'?>
<FKIndexAssociation class="oracle.dbtools.crest.model.design.relational.FKIndexAssociation" directorySegmentName="seg_0" id="8B836CD8-5455-FC9B-79FC-D913BC383232" containerWithKeyObject="721F8C23-F2DE-149E-B30C-4C004CC611C2" localFKIndex="980E44C7-F6D3-18A6-8248-F5B349B75565" name="T_ENTREGADOR_T_SEXO_FK">
<createdBy>ADMIN</createdBy>
<createdTime>2022-06-01 00:23:37 UTC</createdTime>
<generatorID>0F7D3D4D-C5A9-F3D2-ACEE-7A5E8FBECE9F</generatorID>
<ownerDesignName>Challenge_Ifood</ownerDesignName>
<referredTableLongName>T_SEXO</referredTableLongName>
<deleteRule>NO ACTION</deleteRule>
<referredTableID>F5851277-53CA-90F8-9996-96550824AC1C</referredTableID>
<keyObject>73855DB7-4E78-D932-C395-742F2905392F</keyObject>
<referredKeyID>73855DB7-4E78-D932-C395-742F2905392F</referredKeyID>
<mandatory>true</mandatory>
<refColNames>cd_sexo</refColNames>
<transferable>true</transferable>
<rely>false</rely>
<columnDependencyConstraintGenerateInDDL>true</columnDependencyConstraintGenerateInDDL>
</FKIndexAssociation>