<?xml version = '1.0' encoding = 'UTF-8'?>
<FKIndexAssociation class="oracle.dbtools.crest.model.design.relational.FKIndexAssociation" directorySegmentName="seg_0" id="9F94C7B2-093B-7C52-9426-D20D31FDE448" containerWithKeyObject="AD76EFDF-79ED-FDF2-3CD7-EF0DDDD383D8" localFKIndex="DC3635A9-186B-1655-0562-898E12C5A422" name="T_CLI_ENDERECO_T_CLIENTE_FK">
<createdBy>ADMIN</createdBy>
<createdTime>2022-06-01 00:23:37 UTC</createdTime>
<generatorID>DA78F3AC-AA34-007C-8CE0-73E7CC0F6017</generatorID>
<ownerDesignName>Challenge_Ifood</ownerDesignName>
<referredTableLongName>T_CLIENTE</referredTableLongName>
<deleteRule>NO ACTION</deleteRule>
<referredTableID>7B88C66C-0EE5-D701-C304-E48CA76F85C2</referredTableID>
<keyObject>558B9061-ACC3-19B2-8793-B6B2670C093D</keyObject>
<referredKeyID>558B9061-ACC3-19B2-8793-B6B2670C093D</referredKeyID>
<mandatory>true</mandatory>
<refColNames>cd_cliente</refColNames>
<transferable>true</transferable>
<rely>false</rely>
<columnDependencyConstraintGenerateInDDL>true</columnDependencyConstraintGenerateInDDL>
</FKIndexAssociation>