<?xml version = '1.0' encoding = 'UTF-8'?>
<FKIndexAssociation class="oracle.dbtools.crest.model.design.relational.FKIndexAssociation" directorySegmentName="seg_0" id="B111BF35-9B96-F528-6310-0C43EF255BF4" containerWithKeyObject="540590CF-E5AC-0C47-0252-ECB27F6A31A7" localFKIndex="735141D1-1B10-11CE-DB89-37F239D9C211" name="T_PEDIDO_T_STATUS_PEDIDO_FK">
<createdBy>ADMIN</createdBy>
<createdTime>2022-06-01 00:23:37 UTC</createdTime>
<generatorID>8DC48BA4-5926-8DA4-D705-B389325AB90C</generatorID>
<ownerDesignName>Challenge_Ifood</ownerDesignName>
<referredTableLongName>T_STATUS_PEDIDO</referredTableLongName>
<deleteRule>NO ACTION</deleteRule>
<referredTableID>7DC8C808-9950-F38D-50F0-5CE9008A184C</referredTableID>
<keyObject>235FA1ED-83CE-8B42-DC62-C94155F6250D</keyObject>
<referredKeyID>235FA1ED-83CE-8B42-DC62-C94155F6250D</referredKeyID>
<mandatory>true</mandatory>
<refColNames>cd_status</refColNames>
<transferable>true</transferable>
<rely>false</rely>
<columnDependencyConstraintGenerateInDDL>true</columnDependencyConstraintGenerateInDDL>
</FKIndexAssociation>