<?xml version = '1.0' encoding = 'UTF-8'?>
<FKIndexAssociation class="oracle.dbtools.crest.model.design.relational.FKIndexAssociation" directorySegmentName="seg_0" id="F5A567B3-B842-0DF3-D503-E2E50770F9A4" containerWithKeyObject="7DC8C808-9950-F38D-50F0-5CE9008A184C" localFKIndex="5491A3F1-AC61-2033-632B-32B473C9CC0B" name="T_STATUS_PEDIDO_T_PEDIDO_FK">
<createdBy>ADMIN</createdBy>
<createdTime>2022-06-01 00:23:37 UTC</createdTime>
<generatorID>8DC48BA4-5926-8DA4-D705-B389325AB90C</generatorID>
<ownerDesignName>Challenge_Ifood</ownerDesignName>
<referredTableLongName>T_PEDIDO</referredTableLongName>
<deleteRule>NO ACTION</deleteRule>
<referredTableID>540590CF-E5AC-0C47-0252-ECB27F6A31A7</referredTableID>
<keyObject>6C059011-8D2F-6EFF-57E1-96238A3CB345</keyObject>
<referredKeyID>6C059011-8D2F-6EFF-57E1-96238A3CB345</referredKeyID>
<mandatory>true</mandatory>
<refColNames>cd_pedido,T_CLIENTE_cd_cliente</refColNames>
<transferable>true</transferable>
<rely>false</rely>
<columnDependencyConstraintGenerateInDDL>true</columnDependencyConstraintGenerateInDDL>
</FKIndexAssociation>