<?xml version = '1.0' encoding = 'UTF-8'?>
<relationalModel class="oracle.dbtools.crest.model.design.relational.RelationalDesign" name="Relational_1" id="597F5BAC-6A46-D56E-AC60-67CAF8D5FEFA" mainViewID="343EB144-8973-C63A-E7FE-45A8BEF8880A">
<createdBy>ADMIN</createdBy>
<createdTime>2022-05-31 20:27:30 UTC</createdTime>
<ownerDesignName>Challenge_Ifood</ownerDesignName>
<shouldBeOpen>false</shouldBeOpen>
<selectedRDBMSSite>32076570-2523-435C-2E92-BF29817DFF70</selectedRDBMSSite>
</relationalModel>