<?xml version = '1.0' encoding = 'UTF-8'?>
<Diagram class="oracle.dbtools.crest.swingui.relational.DPVRelational" name="Relational_1" id="343EB144-8973-C63A-E7FE-45A8BEF8880A">
<createdBy>ADMIN</createdBy>
<modifiedBy>ADMIN</modifiedBy>
<createdTime>2022-05-31 20:38:28 UTC</createdTime>
<autoRoute>false</autoRoute>
<boxInbox>true</boxInbox>
<showLegend>false</showLegend>
<showLabels>false</showLabels>
<showRelAttributes>false</showRelAttributes>
<gridEnabled>false</gridEnabled>
<showGrid>false</showGrid>
<diagramColor>-1</diagramColor>
<display>false</display>
<notation>1</notation>
<objectViews>
<OView class="oracle.dbtools.crest.swingui.relational.TVTable" oid="1D317BAA-16A7-2CB2-7EDC-64053C534968" otype="Table" vid="22549576-CA36-AB62-0334-F0D0DF1227A2">
<hideElementsInCurrentOnly>false</hideElementsInCurrentOnly>
<bounds x="191" y="1025" width="266" height="186"/>
</OView>
<OView class="oracle.dbtools.crest.swingui.relational.TVTable" oid="2186645A-3117-B296-A334-60C19D120C70" otype="Table" vid="8E85DC22-BCEF-4983-29C8-AC73FFB5CF83">
<hideElementsInCurrentOnly>false</hideElementsInCurrentOnly>
<bounds x="492" y="1482" width="268" height="186"/>
</OView>
<OView class="oracle.dbtools.crest.swingui.relational.TVTable" oid="53A86DFE-A26C-7CDD-8726-3F65498F740B" otype="Table" vid="B516A32F-B0D3-2C8E-2C2D-C884C5EEE7FA">
<hideElementsInCurrentOnly>false</hideElementsInCurrentOnly>
<bounds x="494" y="1698" width="267" height="185"/>
</OView>
<OView class="oracle.dbtools.crest.swingui.relational.TVTable" oid="540590CF-E5AC-0C47-0252-ECB27F6A31A7" otype="Table" vid="3DC04B01-2726-5504-F2AC-AD4E9D81BF2D">
<hideElementsInCurrentOnly>false</hideElementsInCurrentOnly>
<bounds x="497" y="1022" width="266" height="191"/>
</OView>
<OView class="oracle.dbtools.crest.swingui.relational.TVTable" oid="721F8C23-F2DE-149E-B30C-4C004CC611C2" otype="Table" vid="B6B9CF9D-81DA-DBE4-4AA4-9843EFB73564">
<hideElementsInCurrentOnly>false</hideElementsInCurrentOnly>
<bounds x="496" y="802" width="266" height="185"/>
</OView>
<OView class="oracle.dbtools.crest.swingui.relational.TVTable" oid="7B88C66C-0EE5-D701-C304-E48CA76F85C2" otype="Table" vid="EB09FCF1-1228-CF65-9ECB-B7F797890D90">
<hideElementsInCurrentOnly>false</hideElementsInCurrentOnly>
<bounds x="886" y="1023" width="270" height="190"/>
</OView>
<OView class="oracle.dbtools.crest.swingui.relational.TVTable" oid="7DC8C808-9950-F38D-50F0-5CE9008A184C" otype="Table" vid="01A16A9E-7CE5-1152-4018-F5AD60DF92FF">
<hideElementsInCurrentOnly>false</hideElementsInCurrentOnly>
<bounds x="495" y="1287" width="267" height="179"/>
</OView>
<OView class="oracle.dbtools.crest.swingui.relational.TVTable" oid="7F7C2E62-9F85-FAF6-858B-5DB80C2D3F52" otype="Table" vid="FD474495-041E-E678-6104-270BC9B1C759">
<hideElementsInCurrentOnly>false</hideElementsInCurrentOnly>
<bounds x="927" y="804" width="269" height="183"/>
</OView>
<OView class="oracle.dbtools.crest.swingui.relational.TVTable" oid="AD76EFDF-79ED-FDF2-3CD7-EF0DDDD383D8" otype="Table" vid="A6468089-9B79-ADD3-00FD-FE3096CCCAB5">
<hideElementsInCurrentOnly>false</hideElementsInCurrentOnly>
<bounds x="780" y="1289" width="272" height="177"/>
</OView>
<OView class="oracle.dbtools.crest.swingui.relational.TVTable" oid="F5851277-53CA-90F8-9996-96550824AC1C" otype="Table" vid="60997A0F-372C-6C56-94B1-0E170EDE8E5F">
<hideElementsInCurrentOnly>false</hideElementsInCurrentOnly>
<bounds x="809" y="594" width="264" height="184"/>
</OView>
</objectViews>
<connectors>
<Connector class="oracle.dbtools.crest.swingui.relational.TVFKRelation" oid="07A4E1ED-06FF-78D8-E776-728E057D2ADE" otype="FKIndexAssociation" vid_source="60997A0F-372C-6C56-94B1-0E170EDE8E5F" vid_target="EB09FCF1-1228-CF65-9ECB-B7F797890D90">
<hideElementsInCurrentOnly>false</hideElementsInCurrentOnly>
<backgroundColor>-16777216</backgroundColor>
<lineWidth>1</lineWidth>
<points>
<point x="901" y="778"/>
<point x="901" y="803"/>
<point x="901" y="1023"/>
</points>
</Connector>
<Connector class="oracle.dbtools.crest.swingui.relational.TVFKRelation" oid="0ED57336-5753-949D-3F50-6A9680E06498" otype="FKIndexAssociation" vid_source="EB09FCF1-1228-CF65-9ECB-B7F797890D90" vid_target="FD474495-041E-E678-6104-270BC9B1C759">
<hideElementsInCurrentOnly>false</hideElementsInCurrentOnly>
<backgroundColor>-16777216</backgroundColor>
<lineWidth>1</lineWidth>
<points>
<point x="1018" y="1023"/>
<point x="1018" y="1009"/>
<point x="1018" y="987"/>
</points>
</Connector>
<Connector class="oracle.dbtools.crest.swingui.relational.TVFKRelation" oid="10DFA7E4-0E6F-AE9A-577D-D1B8964F455F" otype="FKIndexAssociation" vid_source="8E85DC22-BCEF-4983-29C8-AC73FFB5CF83" vid_target="B516A32F-B0D3-2C8E-2C2D-C884C5EEE7FA">
<hideElementsInCurrentOnly>false</hideElementsInCurrentOnly>
<backgroundColor>-16777216</backgroundColor>
<lineWidth>1</lineWidth>
<points>
<point x="597" y="1668"/>
<point x="627" y="1698"/>
</points>
</Connector>
<Connector class="oracle.dbtools.crest.swingui.relational.TVFKRelation" oid="156AAC47-107E-16F8-A714-399EDBF061A9" otype="FKIndexAssociation" vid_source="EB09FCF1-1228-CF65-9ECB-B7F797890D90" vid_target="3DC04B01-2726-5504-F2AC-AD4E9D81BF2D">
<hideElementsInCurrentOnly>false</hideElementsInCurrentOnly>
<backgroundColor>-16777216</backgroundColor>
<lineWidth>1</lineWidth>
<points>
<point x="886" y="1118"/>
<point x="763" y="1118"/>
</points>
</Connector>
<Connector class="oracle.dbtools.crest.swingui.relational.TVFKRelation" oid="22B2C846-5750-97D2-E7B1-760DEC011A40" otype="FKIndexAssociation" vid_source="B6B9CF9D-81DA-DBE4-4AA4-9843EFB73564" vid_target="60997A0F-372C-6C56-94B1-0E170EDE8E5F">
<hideElementsInCurrentOnly>false</hideElementsInCurrentOnly>
<backgroundColor>-16777216</backgroundColor>
<lineWidth>1</lineWidth>
<points>
<point x="628" y="802"/>
<point x="628" y="674"/>
<point x="809" y="674"/>
</points>
</Connector>
<Connector class="oracle.dbtools.crest.swingui.relational.TVFKRelation" oid="43CFFDA3-6D05-94A9-DBB1-277F6D75616C" otype="FKIndexAssociation" vid_source="B6B9CF9D-81DA-DBE4-4AA4-9843EFB73564" vid_target="3DC04B01-2726-5504-F2AC-AD4E9D81BF2D">
<hideElementsInCurrentOnly>false</hideElementsInCurrentOnly>
<backgroundColor>-16777216</backgroundColor>
<lineWidth>1</lineWidth>
<points>
<point x="629" y="987"/>
<point x="629" y="1022"/>
</points>
</Connector>
<Connector class="oracle.dbtools.crest.swingui.relational.TVFKRelation" oid="61390E7F-089F-0949-9A37-9174B2345992" otype="FKIndexAssociation" vid_source="22549576-CA36-AB62-0334-F0D0DF1227A2" vid_target="8E85DC22-BCEF-4983-29C8-AC73FFB5CF83">
<hideElementsInCurrentOnly>false</hideElementsInCurrentOnly>
<backgroundColor>-16777216</backgroundColor>
<lineWidth>1</lineWidth>
<points>
<point x="317" y="1211"/>
<point x="579" y="1482"/>
</points>
</Connector>
<Connector class="oracle.dbtools.crest.swingui.relational.TVFKRelation" oid="703053AE-9D02-E078-3AC1-84F1B450A4EB" otype="FKIndexAssociation" vid_source="22549576-CA36-AB62-0334-F0D0DF1227A2" vid_target="3DC04B01-2726-5504-F2AC-AD4E9D81BF2D">
<hideElementsInCurrentOnly>false</hideElementsInCurrentOnly>
<backgroundColor>-16777216</backgroundColor>
<lineWidth>1</lineWidth>
<points>
<point x="457" y="1118"/>
<point x="497" y="1118"/>
</points>
</Connector>
<Connector class="oracle.dbtools.crest.swingui.relational.TVFKRelation" oid="72C2DF66-F1B1-714B-362A-3E9770108D28" otype="FKIndexAssociation" vid_source="EB09FCF1-1228-CF65-9ECB-B7F797890D90" vid_target="8E85DC22-BCEF-4983-29C8-AC73FFB5CF83">
<hideElementsInCurrentOnly>false</hideElementsInCurrentOnly>
<backgroundColor>-16777216</backgroundColor>
<lineWidth>1</lineWidth>
<points>
<point x="1093" y="1213"/>
<point x="691" y="1482"/>
</points>
</Connector>
<Connector class="oracle.dbtools.crest.swingui.relational.TVFKRelation" oid="77E1CD2D-0C93-1386-C0ED-972DCF1328C4" otype="FKIndexAssociation" vid_source="A6468089-9B79-ADD3-00FD-FE3096CCCAB5" vid_target="EB09FCF1-1228-CF65-9ECB-B7F797890D90">
<hideElementsInCurrentOnly>false</hideElementsInCurrentOnly>
<backgroundColor>-16777216</backgroundColor>
<lineWidth>1</lineWidth>
<points>
<point x="969" y="1289"/>
<point x="969" y="1213"/>
</points>
</Connector>
<Connector class="oracle.dbtools.crest.swingui.relational.TVFKRelation" oid="7862BA57-6D7C-06BF-D105-2A1F7829F09F" otype="FKIndexAssociation" vid_source="B516A32F-B0D3-2C8E-2C2D-C884C5EEE7FA" vid_target="8E85DC22-BCEF-4983-29C8-AC73FFB5CF83">
<hideElementsInCurrentOnly>false</hideElementsInCurrentOnly>
<backgroundColor>-16777216</backgroundColor>
<lineWidth>1</lineWidth>
<points>
<point x="627" y="1698"/>
<point x="597" y="1668"/>
</points>
</Connector>
<Connector class="oracle.dbtools.crest.swingui.relational.TVFKRelation" oid="886F0831-EFF3-8182-8BE5-29C69DCD6BCF" otype="FKIndexAssociation" vid_source="EB09FCF1-1228-CF65-9ECB-B7F797890D90" vid_target="60997A0F-372C-6C56-94B1-0E170EDE8E5F">
<hideElementsInCurrentOnly>false</hideElementsInCurrentOnly>
<backgroundColor>-16777216</backgroundColor>
<lineWidth>1</lineWidth>
<points>
<point x="901" y="1023"/>
<point x="901" y="803"/>
<point x="901" y="778"/>
</points>
</Connector>
<Connector class="oracle.dbtools.crest.swingui.relational.TVFKRelation" oid="8B836CD8-5455-FC9B-79FC-D913BC383232" otype="FKIndexAssociation" vid_source="60997A0F-372C-6C56-94B1-0E170EDE8E5F" vid_target="B6B9CF9D-81DA-DBE4-4AA4-9843EFB73564">
<hideElementsInCurrentOnly>false</hideElementsInCurrentOnly>
<backgroundColor>-16777216</backgroundColor>
<lineWidth>1</lineWidth>
<points>
<point x="809" y="674"/>
<point x="628" y="674"/>
<point x="628" y="802"/>
</points>
</Connector>
<Connector class="oracle.dbtools.crest.swingui.relational.TVFKRelation" oid="9F94C7B2-093B-7C52-9426-D20D31FDE448" otype="FKIndexAssociation" vid_source="EB09FCF1-1228-CF65-9ECB-B7F797890D90" vid_target="A6468089-9B79-ADD3-00FD-FE3096CCCAB5">
<hideElementsInCurrentOnly>false</hideElementsInCurrentOnly>
<backgroundColor>-16777216</backgroundColor>
<lineWidth>1</lineWidth>
<points>
<point x="969" y="1213"/>
<point x="969" y="1289"/>
</points>
</Connector>
<Connector class="oracle.dbtools.crest.swingui.relational.TVFKRelation" oid="B111BF35-9B96-F528-6310-0C43EF255BF4" otype="FKIndexAssociation" vid_source="01A16A9E-7CE5-1152-4018-F5AD60DF92FF" vid_target="3DC04B01-2726-5504-F2AC-AD4E9D81BF2D">
<hideElementsInCurrentOnly>false</hideElementsInCurrentOnly>
<backgroundColor>-16777216</backgroundColor>
<lineWidth>1</lineWidth>
<points>
<point x="629" y="1287"/>
<point x="629" y="1213"/>
</points>
</Connector>
<Connector class="oracle.dbtools.crest.swingui.relational.TVFKRelation" oid="F5A567B3-B842-0DF3-D503-E2E50770F9A4" otype="FKIndexAssociation" vid_source="3DC04B01-2726-5504-F2AC-AD4E9D81BF2D" vid_target="01A16A9E-7CE5-1152-4018-F5AD60DF92FF">
<hideElementsInCurrentOnly>false</hideElementsInCurrentOnly>
<backgroundColor>-16777216</backgroundColor>
<lineWidth>1</lineWidth>
<points>
<point x="629" y="1213"/>
<point x="629" y="1287"/>
</points>
</Connector>
</connectors>
</Diagram>